cardiac_cos_00	cardiac_sin_00	cardiac_cos_01	cardiac_sin_01	cardiac_cos_02	cardiac_sin_02	resp_cos_00	resp_sin_00	resp_cos_01	resp_sin_01	resp_cos_02	resp_sin_02	resp_cos_03	resp_sin_03	interaction_add_cos_00	interaction_add_sin_00	interaction_diff_cos_00	interaction_diff_sin_00	hrv	rvt
-0.13881673240416606	-0.9903180876893192	-0.9614598296092602	0.27494544194754733	0.4057501561726145	0.9139840320081632	-0.8243405123279626	-0.5660942675340143	0.3590745605302558	0.933308877049824	0.2323410979450653	-0.9726343682009604	-0.7421309199600074	0.6702549497313042	-0.4461811361664269	0.8949426762252632	0.6750456487859148	0.7377759633216598	-0.0015704048527629413	0.366230111833472
0.9979028262377124	-0.0647298183744236	0.9916201012264284	-0.12918813739538226	0.981178176898246	-0.19310459647205208	0.9337537212094013	-0.3579161747219535	0.7437920237448082	-0.6684111200553166	0.4552834187457723	-0.8903465665768368	0.10645314917279476	-0.9943177193589556	0.9086276284218222	-0.4176072710915549	0.9549633263878629	0.2967238535309015	0.04471776945296208	0.37801842265781543
-0.4422886902189995	0.8968727415326891	-0.6087614290087237	-0.7933533402912328	0.9807852804032292	-0.19509032201613394	-0.3955156941246483	-0.9184592183113508	-0.6871346714021952	0.7265300705111917	0.9390607871581512	0.34375112803002345	-0.055691886713994394	-0.9984480025290428	0.998673155428321	0.05149687977771565	-0.6488089187974228	-0.7609513695952714	0.12203055064373475	0.3913419012526381
-0.8731012763882104	-0.4875388816999909	0.5246116776614447	0.8513416398022854	-0.04297697436052503	-0.9990760630076244	-0.9916507823671444	0.12895241692434492	0.9667425483387398	-0.2557515302623217	-0.925691226448292	0.37827999322810735	0.8691823095369614	-0.4944917722146585	0.9286808809559276	0.3708797936622085	0.8029422466763154	0.596056833282189	0.16689181974456013	0.3978041087451365
0.5401503961659221	-0.8415685055429518	-0.4164750990435949	-0.9091471233395768	-0.9900687756492008	-0.14058385214700986	0.7964316239960325	-0.6047285906082513	0.2686066634019156	-0.9632499469899232	-0.3685779416973468	-0.929596848582302	-0.85570092075218	-0.5174707085660706	-0.0787276790367552	-0.996896159363394	0.9391133934778074	-0.3436073837835805	0.15344430775479506	0.4001262091098355
0.5825862645103972	0.8127688751446019	-0.321186488807643	0.947015965761622	-0.9568239379617076	0.29066811270493736	-0.18075152624665566	-0.9835287925421932	-0.934657771519009	0.35554866071906355	0.5186331636873733	0.854996866382343	0.7471702997217605	-0.6646326377884963	0.6940782339062548	-0.7198995799537421	-0.904684946867439	0.4260811506174135	0.08657609109060199	0.3918229232896217
-0.8878852184023747	0.460065037731153	0.5766803221148655	-0.8169698930104432	-0.13616664909624315	0.9906859460363312	-0.29849832130116494	0.9544101593027948	-0.821797504360773	-0.5697796607693235	0.78910867230352	-0.6142536148004144	0.35070227634718915	0.9364870065115156	-0.1740584987494092	-0.9847353141901136	0.7041229931518632	0.710078031285901	0.014731367807231057	0.3626136637365585
-0.3930250316538568	-0.9195277725514792	-0.6910626489869697	0.7227948638272912	0.9362348706396606	0.3513748240815468	0.2736748767126319	-0.9618222610525948	-0.8502041237126514	-0.5264531774260675	-0.7390338941878941	0.67366824419849	0.4456941039559951	0.8951853247785414	-0.9919833583789672	0.12636857480871308	0.7768612042132723	-0.6296718743824473	-0.022730254379734083	0.3253004008673016
0.7419730483315181	0.6704297096263221	0.10104800890073078	0.9948815506869136	-0.5920232499477068	0.8059208841575922	-0.9992670456196584	0.03828017161089582	0.9970692569228808	-0.07650422798286675	-0.9934098556673716	0.1146161361368092	0.9882942062014912	-0.15256002749267125	-0.7670933802731867	-0.6415354596131504	-0.7157650515981094	-0.6983411708547305	0.006253652761609274	0.2946029752443465
-0.745872399340395	-0.66608885586099	0.11265127219559465	0.9936345861898698	0.5778254499778434	-0.8161603698770866	0.7833070285786118	-0.621635020715006	0.22713980204130815	-0.97386216187335	-0.427466621760791	-0.9040311318093072	-0.8968150206572707	-0.4424057173268664	-0.9983112525373052	-0.05809167803908265	-0.1701829331149432	-0.985412486868517	0.07147733626813246	0.2703562426740517
0.3637305552349477	-0.9315042046005356	-0.7354001663769533	-0.6776330830860823	-0.8987055769072723	0.43855248948759457	-0.4507297011841018	-0.8926604821938128	-0.5936854729409806	0.8046971847961469	0.9859130528161626	0.16725863890010226	-0.2950751184376884	-0.9554740574599524	-0.9954611569168536	0.09516871896668137	0.6675728279717028	0.7445445046159854	0.08751592040175904	0.24336676542902136
0.8827512564429097	-0.4698406317555602	0.5584995615030719	-0.8295048160203029	0.1032811228363912	-0.9946522053791738	0.0	0.0	0.0	0.0	0.0	0.0	0.0	0.0	0.0	0.0	0.0	0.0	-0.0198207572816822	0.2151789277797944
0.7012367842725078	-0.7129284482913782	-0.01653394476630476	-0.99986330499247	-0.7244252047910326	-0.6893534091186249	0.7298104941173766	-0.6836495027981448	0.06524671464769867	-0.9978691628804258	-0.6345750200042317	-0.772861270854368	-0.9914857324553636	-0.13021536905239414	0.024376784818144558	-0.9997028420295354	0.9991631432282528	-0.0409024842061954	-0.2410861697681831	0.18842886247606336
0.9499168876539502	-0.3125026504684929	0.8046841869003339	-0.5937030902332819	0.5788493090754799	-0.8154345328613694	-0.9007180382098523	-0.43440420767229576	0.6225859687132099	0.782551411449391	-0.22083078650283305	-0.9753121365657972	-0.22477342312286808	0.9744110571302176	-0.9913597417823324	-0.13117111867048767	-0.7198548092378164	0.6941246672012074	-0.4242317439242985	0.15264985963548028
0.7218349466382363	0.6920652496779293	0.042091380376450896	0.9991137651428916	-0.6610688880223059	0.7503252130169635	-0.8792848786509034	0.4762962336360282	0.5462837956482681	-0.8376001519890749	-0.08139328328018126	0.9966820623633555	-0.4031480292242425	-0.9151347805283162	-0.964326625312758	-0.26471524269091	-0.3050704816088077	-0.9523297754722206	-0.43480385089564416	0.1213752034957476
-0.564443218866761	0.8254718969627795	-0.3628077053506597	-0.931864029211445	0.9740119169423404	0.2264967674257351	0.9625216361712614	-0.2712049039051431	0.8528958001956043	-0.522081175688896	0.6793396860044798	-0.7338239509714402	0.4548624919826002	-0.8905616842124856	-0.3194167840572213	0.947614329810679	-0.7671608370415949	0.64145479194534	-0.2550068588494767	0.09896166320404097
-0.8446678260422262	-0.5352908215625402	0.4269274727018016	0.9042858690991764	0.1234440255527602	-0.9923515367828728	-0.4525221616921112	-0.8917531570886077	-0.5904473863549975	0.807076132683003	0.9869032169697524	0.16131348466496406	-0.3027437678931047	-0.9530719862643566	-0.09511636953654524	0.9954661602717528	0.8595781906413541	-0.5110042408568992	-0.008089371654193102	0.07232106582957355
-0.3911047204900994	-0.9203461835691834	-0.6940741952207223	0.7199034737579106	0.9340161087324824	0.357230889801304	0.4302660470043585	0.9027021262826642	-0.6297422575904863	0.7768041509961424	-0.9721794706144764	-0.23423722359129026	-0.2068493780096752	-0.9783727995079434	0.6625193747740176	-0.7490447770654602	-0.9990775388740568	-0.04294265149426034	0.1396526711277799	0.05294802189143832
0.5513436884927053	-0.8342782132833498	-0.39204027431851735	-0.9199480546814922	-0.9836415502536322	-0.18013689409621592	-0.03802430666982073	-0.999276814552544	-0.9971083042045588	0.07599361608917501	0.11385301055401792	0.9934976054262972	0.988449940627382	-0.15154773133809915	-0.8546393369120899	-0.5192221141308053	0.812710413928657	0.582667815390477	0.1407107501035274	0.04089759149544348
0.8968727415327093	0.44228869021895817	0.6087614290087969	0.7933533402911765	0.19509032201626966	0.9807852804032025	-0.6839896258691857	0.7294917351850749	-0.0643163834066629	-0.9979295580478048	0.7719731039163507	0.6356551949207644	-0.9917268056509742	0.12836644013648854	-0.9360975950137908	0.3517403767118541	-0.29080570685266693	-0.9567821282099288	0.0678391296262823	0.03374583950729937
-0.13272552728374584	0.9911528310040042	-0.9647678688145032	-0.2631025642275677	0.3888241754733872	-0.921311977870385	0.5685542623329626	-0.8226457626360331	-0.35349210156604144	-0.9354375094737348	-0.9705131444257814	-0.2410482036788127	-0.7500866682608469	0.6613395422151486	0.7399060122925885	0.6727102593043157	-0.8908293408077158	0.4543380740771023	0.007316182667135075	0.03607654607936239
-0.4835416211602918	0.875321369901179	-0.5323750012113536	-0.8465086284765272	0.9983925634621924	-0.05667706082174835	-0.8338469860408539	-0.5519956556627814	0.3906015922588321	0.9205598275641106	0.18244306514528175	-0.9832164197064625	-0.6948607922497303	0.719144268832115	0.8863733169240634	-0.4629712118966297	-0.07997387006442766	-0.9967969603218692	-0.037210953506358835	0.050803114839111034
0.20849036274173088	0.978024421292138	-0.913063537287643	0.40781733273093856	-0.589220258932428	-0.8079724540252611	0.9748972231064728	0.2226553488674549	0.900849191241424	0.4341321626413695	0.7815735268514794	0.6238131307731025	0.6230585307206551	0.7821752152147358	-0.014505693042316956	0.9998947868997828	0.4210190444050664	0.9070517979962582	-0.11179939891118873	0.07510548843230459
0.01995434575276684	0.9998008922208356	-0.999203648171158	0.03990074537459866	-0.05983125589883296	-0.99820850568284	0.048532205525556975	-0.9988216182216048	-0.9952892500536502	-0.09695003211780065	-0.14513937040751942	0.9894112204527038	0.9812013825447148	0.19298664951840624	0.9995911734766206	0.028591710470564413	-0.997654316658218	0.06845337430122882	-0.204571950599214	0.10093754662305754
-0.2331361627681296	0.9724441010205944	-0.8912950592195042	-0.4534237724368896	0.648722382769386	-0.7610251441930221	-0.7096393245849746	0.704565134677115	0.007175941994837672	-0.9999742525967787	0.6994546633240191	0.7146769717531712	-0.9998970117129734	-0.01435151446593128	-0.5197076199184327	-0.8543441869637306	0.8505927980846493	-0.5258249631260643	-0.2421695674055617	0.11902351985459825
-0.815928214464495	0.578153222632877	0.33147770231843804	-0.943463053259474	0.2750041948895415	0.96144302628557	0.7273280847205034	-0.6862899221005682	0.0580122856463917	-0.9983158692087796	-0.6429401555016072	-0.7659164160948434	-0.9932691494281628	-0.11582917073973108	-0.19666677537297125	0.9804703868370515	-0.990228235618791	-0.13945623465193693	-0.16526610589904578	0.124804541900576
-0.955064551119988	-0.2963978798742926	0.8242965936120485	0.5661582161901149	-0.6194483612156653	-0.7850374053427179	-0.7728071067731433	-0.6346409817534032	0.19446164855815296	0.9809101218970296	0.4722444187720193	-0.8814676448620662	-0.9243693344800908	0.3814987987829504	0.5499744310595805	0.8351814923600083	0.9261869140056772	-0.3770647163613169	-0.012948583688150328	0.1186775828714378
-0.5721166601221059	-0.8201722545970003	-0.34536505442145354	0.9384684220497068	0.9672948630390886	-0.2536545839092818	0.06628180525349187	0.99780094322081	-0.9912134445846764	0.13227209560062445	-0.19768063825070015	-0.9802664766586664	0.9650081854508384	-0.26221975900545713	0.7804477241919334	-0.625221040755693	-0.856289574288917	0.5164960454486611	0.13138140567670936	0.11055981650900236
0.9394462175245224	-0.3426963734545023	0.7651183912422646	-0.6438896236024068	0.4981289396974645	-0.8671029693386362	0.5350833328073308	-0.8447992820497654	-0.4273716539035985	-0.9040760307848577	-0.992442230643568	-0.12271274927740293	-0.6347069388794057	0.7727529370622503	0.21317236281084026	-0.9770146077381052	0.792191663321684	0.6102723724400634	0.22086054113767944	0.10676947929760172
0.4253435950249653	0.9050319475970106	-0.6381656523424767	0.769899084406717	-0.9682229406025676	-0.2500886588610465	-0.6022838520836448	-0.7982820062604982	-0.2745083230385725	0.9615847235592666	0.9329477125410308	-0.3600118965596251	-0.8492903611651014	-0.5279260198475271	0.4662931399868458	-0.8846302660440734	-0.9786482977283298	-0.20554198927090855	0.2390520878909178	0.1085126976579336
-0.14692865962479754	0.9891470916809392	-0.9568239379617208	-0.29066811270489423	0.42809837702806947	-0.90373213929014	0.9850842905187596	0.17207248639207834	0.940782118853696	0.3390118063506788	0.8684150816486974	0.4958379230808048	0.7701419903096997	0.637872490990021	-0.31494211389639826	0.9491108812433182	0.02546788504966627	0.9996756408111068	0.20179430012162053	0.10775406151455114
-0.9659258262890584	-0.25881904510255765	0.8660254037844003	0.5000000000000662	-0.7071067811864669	-0.7071067811866282	0.2702379054074457	-0.9627935783339004	-0.8539429489619929	-0.5203666398973855	-0.7317734131373376	0.681547996714341	0.4584371201638094	0.8887268460308334	-0.5102190866505657	0.8600444660699018	-0.011840457500056745	-0.9999298993260426	0.13377006924546947	0.09505821378011768
-0.15972184431023936	-0.9871620598716988	-0.9489778649002713	0.3153426896716053	0.4628668338931675	0.8864278279034989	-0.9980734938187432	-0.062042734759577924	0.9923013981271052	0.12384641809512305	-0.982705952881144	-0.18517291965069504	0.969324129450016	0.2457859476576493	0.09816790534455505	0.9951698660833046	0.22066037303523234	0.975350706039603	0.04415686370865646	0.09319762701367705
-0.40331715440082266	-0.915060256467312	-0.6746705459320459	0.7381189974873666	0.9475295638875472	0.3196681491157267	0.8153185972658656	0.5790125948132918	0.32948883009515745	0.9441594732048842	-0.27804185572995577	0.9605689597640776	-0.782874221685049	0.622180000499075	0.2009994369283154	-0.9795913568190056	-0.8586633900869941	-0.5125399326143387	-0.05515850820606505	0.10155628567907647
-0.274923357242866	-0.961466144823785	-0.848834295284623	0.5286590008206211	0.7416521056479277	0.6707847301392565	-0.06826007018317419	-0.9976675612740888	-0.9906811256371763	0.1362017155040911	0.2035079965134526	0.9790732839553332	0.9628981853874852	-0.2698649376586148	-0.940457296293554	0.3399118618821919	0.9779898716143378	-0.2086523688333578	-0.15790119372240707	0.10327952681702557
0.003014959591302793	-0.999995454999003	-0.9999818200373256	-0.006029891776616888	-0.00904476915020182	0.99995909523891	-0.9346951155801788	-0.35545047603084723	0.7473099181788883	0.6644756475533647	-0.4623187451126807	-0.8867138083493659	0.1169442276170732	0.9931384836099376	-0.358266928511742	0.933619198568004	0.3526307925044169	0.935762536211889	-0.22738389121481986	0.10991285888982116
0.4400468474881407	-0.8979748170275986	-0.612717544031498	-0.7903019747134694	-0.9792956947916146	0.20243503195496854	0.965324252453024	-0.2610538021673124	0.8637018247479794	-0.504003132854361	0.7021803841812894	-0.7119990927459225	0.4919616841459788	-0.8706168510500197	0.19036815386024894	-0.981712771637326	0.6592076343313505	-0.751960966300289	-0.20441690386796973	0.09807408989018218
0.9216206995773476	0.38809185267222585	0.6987694277788787	0.7153469695200912	0.36638003816831854	0.930465296307058	-0.4162997752322643	-0.909227417724282	-0.6533889942831325	0.7570223392672614	0.9603111581508708	0.2789309583587544	-0.1461656442993534	-0.9892601298074004	-0.03080673703845138	-0.9995253598348786	-0.7365342431284525	0.6764002577610373	-0.08842619530346339	0.061975523836220174
0.6248230574725141	0.7807663842985938	-0.21919229370139875	0.9756816788184144	-0.8987358557223565	0.4384904350598808	-0.92327349975641	0.384143260578069	0.7048679107048994	-0.7093385852035049	-0.3782982258085915	0.9256837755681322	-0.0063224569170199285	-0.9999800130695276	-0.8768087156153602	-0.4808393455416711	-0.27695642638693696	-0.9608824787053708	0.047719185463260594	0.03286926437215654
0.2750041948893331	0.9614430262856296	-0.8487453855865394	0.528801730751287	-0.741821277747859	-0.6705976378429422	0.5008753605826379	-0.8655194239075242	-0.4982477463224248	-0.8670347070819165	-0.9999953997801004	-0.003033219187108608	-0.5034983665692493	0.8639961775737771	0.9698904395075773	0.2435416501377095	-0.694404788953712	0.7195845948032453	0.12387158131724108	0.02363395334954277
-0.76378242843064	0.6454737810481493	0.16672719595881166	-0.9860030639545254	0.5090958232009349	0.8607098482063293	-0.9163244900608244	-0.4004365479258485	0.6793011421704594	0.7338596311597398	-0.3285960553333393	-0.9444705566714978	-0.07709991649181888	0.9970233712792066	0.95834383690869	-0.28561703425939056	0.4414012515895585	-0.8973098322737645	0.11645092738906147	0.013238692049375778
-0.9987569212189202	0.04984588566073917	0.995030775365393	-0.09956784659590034	-0.9888308262251096	0.14904226617630006	0.978517869745506	0.20616202023825092	0.914994442822566	0.4034664417319264	0.8121589562939211	0.583436225916397	0.674429660792356	0.7383391041002146	-0.9875778234331009	-0.1571306547531037	-0.9670251664563354	0.2546808344577528	0.07241279905095582	0.004191315580166499
-0.423086195167405	-0.9060894389952728	-0.6419961429175369	0.7667078664517571	0.9663256060056656	0.25732241095128733	-0.5912313289191478	-0.8065020246127709	-0.30089103140899714	0.9536585275755834	0.9470237376387368	-0.32116357257440803	-0.8189291744352598	-0.5738945959484056	-0.4806211536137658	0.8769283361250066	0.9809047804461082	0.19448859014855416	0.058520464490907635	0.006713215505803172
0.9813701261394092	-0.1921267173537292	0.9261746489577604	-0.3770948416883597	0.8364701380101923	-0.5480125073547225	-0.9918844927190814	-0.12714225538117158	0.967669693793178	0.25222086296382645	-0.9277486339762684	-0.3732056700469161	0.8727692725715653	0.4881329704649141	-0.9978332338987826	0.0657939003791175	-0.9489783855721148	0.3153411227812553	0.09193933663433068	0.006378581099792391
0.17364817766677365	0.9848077530122356	-0.9396926207860172	0.3420201433253697	-0.4999999999995866	-0.8660254037846773	0.9999589559530162	0.009060155040272187	0.9998358271812926	0.01811956634968606	0.9996306237922348	0.027177490258434786	0.9993433626305986	0.03623318321880936	0.1647185395156579	0.9863406119286728	0.18256356136996374	0.9831940531044292	0.1403245448086345	0.010782874445342427
-0.5187732581605478	0.8549118706729306	-0.4617486132349792	-0.8870108331782501	0.9978589232385974	0.06540312923023536	-0.14949020502584795	-0.988763206537	-0.9553053572026599	0.2956208289344619	0.43510779244688025	0.9003783698823526	0.8252166510002032	-0.5648163231635651	0.9228569232774592	0.3851429593785425	-0.7677538818287643	-0.6407448610303978	0.12766933961530774	0.024715271149147174
-0.3233935088149241	0.9462645710668722	-0.7908332769127432	-0.6120316398091298	0.834894205431757	-0.55041045205962	-0.40554993377194215	0.9140728916325948	-0.6710585024351468	-0.741404401328653	0.9498453962112868	-0.31271987991847183	-0.0993609726189964	0.9950514545088645	-0.7338025766424044	-0.6793627738645738	0.9961070088067412	-0.08815229438923655	0.02174293093064561	0.021927594030422548
-0.964767868814496	-0.2631025642275947	0.8615540813937288	0.5076658003389711	-0.6976315211348214	-0.7164567402984742	-0.6174761243033057	-0.7865896235746875	-0.2374464718307371	0.9714006243641886	0.910711178614381	-0.4130437617817332	-0.8872383460302699	-0.4613113019789034	0.3887673775306159	0.9213359464212648	0.8026748714452538	-0.596416843114231	-0.07670810692332619	-0.006367484646632171
0.8722476194459277	-0.4890645053271727	0.5216318192581757	-0.8531707010542533	0.037736605704454966	-0.9992877206239984	0.0	0.0	0.0	0.0	0.0	0.0	0.0	0.0	0.0	0.0	0.0	0.0	-0.07810206516039318	-0.04939719669743869
0.9965061739462964	0.08351913126292308	0.9860491094261732	0.16645465989226804	0.9687018767685615	0.24822706126662905	-0.2400094582113409	-0.9707705495991824	-0.8847909199381971	0.4659882273136508	0.6647258368607022	0.7470873856583573	0.5657099440101626	-0.8246043046504298	-0.15809299395495285	-0.9874242276055208	-0.3202488198712609	0.9473334647161286	0.0028017522067032012	-0.08507831263414876
0.7117582404899505	0.7024245205676193	0.013199585810700349	0.9999128816724114	-0.6929684125463099	0.7209679460371643	0.496744192740481	0.8678970025173539	-0.5064904139572156	0.8622455917947323	-0.9999365363644191	-0.011266021637128495	-0.4869349211388967	-0.8734382534417968	-0.25607036329676053	0.9666581448687352	0.9631939084938917	-0.2688075420077725	0.06241667519407085	-0.08318835917731594
-0.7598687844230075	0.6500764804694144	0.1548011390809982	-0.9879456499925618	0.5246116776614574	0.8513416398022776	0.4122364075137219	-0.9110769146017148	-0.6601222886403612	-0.751158148488194	-0.956489289091399	0.29176744138685173	-0.1284771280804234	0.9917124722217656	0.2790240962088566	0.9602841005321447	-0.9055152519535756	-0.42431371469639373	0.05078495533196836	-0.037250165918971456
-0.28452758663095146	-0.9586678530366846	-0.8380881048919328	0.5455349012104072	0.7614459583689696	0.6482283953079822	0.0	0.0	0.0	0.0	0.0	0.0	0.0	0.0	0.0	0.0	0.0	0.0	0.0158152644586651	0.020152604250326944
-0.43500453197271655	-0.9004282631965734	-0.6215421143263956	0.783380750413663	0.9757518050604894	0.2188799098163116	0.9292261397141556	0.3695115441659823	0.7269224374561426	0.6867195715303448	0.42172452114379666	0.90672400887262	0.056832460154359186	0.9983837295713524	-0.0714989440587114	-0.9974406754281124	-0.7369362199476298	-0.6759622827712347	-0.027383191230580528	0.058903525761895274
-0.3058197136361673	-0.9520894405209483	-0.8129486055029853	0.5823354401122705	0.8030511331078563	0.5959101254502963	-0.7046443346468496	-0.7095606821478333	-0.006952723300197154	0.9999758295272496	0.7144427288145514	-0.6996939239724875	-0.9999033192774218	-0.013905110499176173	-0.4600711042447464	0.8878820749621088	0.8910593615188404	0.453886785718241	-0.09566364599819	0.07628110136586384
-0.4718952166652088	-0.881654640144595	-0.5546298089769912	0.832097214869841	0.99534952441757	0.09632924914955432	-0.9032296978371932	0.4291574454031207	0.6316477741101351	-0.7752554994720848	-0.237816358460872	0.9713101356664668	-0.20204217892342347	-0.9793768212163668	0.8045984270515955	0.5938193085325689	0.0478611208670714	0.9988539998965552	-0.19463072767824066	0.07590934156563543
-0.4075830723394564	-0.9131681330085548	-0.6677520782846589	0.7443837464282242	0.9519119595960932	0.3063717042710137	0.5685542623329626	-0.8226457626360331	-0.35349210156604144	-0.9354375094737348	-0.9705131444257814	-0.2410482036788127	-0.7500866682608469	0.6613395422151486	-0.9829469882271072	-0.1838891468664179	0.519480802160383	-0.8544821216308771	-0.2594913441925367	0.06200960667224631
-0.20321062306921253	-0.9791350482297234	-0.9174108853436448	0.3979412864393311	0.5760658983115324	0.8174032547051224	-0.9258252808797132	-0.377951781691792	0.7143049014320001	0.6998346288875827	-0.39681779112436094	-0.9178974020266006	0.020462984419558596	0.9997906112124902	-0.18192830381450686	0.9833117980941632	0.5582033681760978	0.829704163998747	-0.23515124069310656	0.04295345748125878
0.3913736668371948	-0.9202318473658736	-0.6936533058128169	-0.7203090248878954	-0.9343289424566034	0.35641187871327323	-0.4433416628394268	0.8963527040126403	-0.6068963399815441	-0.7947809965751611	0.9814665279165862	-0.1916336467830236	-0.26335366503401203	0.9646993558166986	0.6513400524577827	0.7587859619578454	-0.998364556952114	0.0571682728601222	-0.12269580031479255	0.024444230331072455
0.1643181569316369	-0.9864073921573124	-0.94599908660518	-0.3241692893260639	-0.4752078096715872	0.8798735918455176	0.452568998936888	-0.8917293878757518	-0.5903626024025261	-0.8071381527870659	-0.9869286228950624	0.16115797625452905	-0.3029439953690338	0.9530083607554798	-0.8052431562148515	-0.5929447355101015	0.9539737637942622	-0.2998900765150609	-0.013011688864643987	0.017602327866689804
-0.07069756565177086	-0.9974977965945157	-0.990003708421827	0.14104133192447507	0.21067926999506745	0.977555238947828	-0.9288423320936356	-0.37047526518089746	0.7254961557782875	0.6882262185872658	-0.4189007504225086	-0.9080320265802628	0.05268934409814637	0.9986109517817772	-0.3038813689573811	0.9527098790295963	0.43521515246404774	0.9003264802646291	0.025949521238173845	0.02544273993797086
-0.3226174753264937	-0.9465294314568138	-0.7918359292279183	0.6107338709976377	0.8335376920471325	0.5524625923415445	-0.9845256271858016	0.17524066141853034	0.938581421171192	-0.3450578441830667	-0.8635892975012158	0.5041959195008985	0.761870168335469	-0.6477297635592209	0.483495615857514	0.8753467823934483	0.15175472861631853	0.9884181819162308	-0.009330917615864132	0.0410749455036582
-0.7962051187142226	-0.6050267836495097	0.2678851821334588	0.9634508442018844	0.36962201222952	-0.9291822039166489	0.9776153495169952	-0.21040016252076266	0.9114635432224732	-0.411380856842336	0.804506151241879	-0.5939443177722797	0.661531581247331	-0.7499173067828253	-0.9056800790282968	-0.4239617841873224	-0.6510846118097543	-0.7590051569419944	-0.05895588590508893	0.05011509344403009
-0.5035177961224682	-0.8639848546056653	-0.4929396579759453	0.8700634997484714	0.9999255765332904	-0.012200057154238398	0.1943972472740456	-0.9809228870060448	-0.9244194205045472	-0.3813774180441696	-0.5538064286195504	0.8326454465255058	0.7091025300119255	0.7051053835638234	-0.9453849914289888	0.3259558528095646	0.749620044389585	-0.6618684076531803	-0.03971548411140036	0.050644867689670366
0.8149084764429461	-0.579589660899361	0.3281516499571275	-0.944625055051164	-0.28008135422534103	-0.9599762679437962	-0.4344219483635205	-0.9007094818974886	-0.6225551415600855	0.7825759360708083	0.9753251834840396	0.22077315611691686	-0.22485019143420387	-0.974393345324157	-0.8760560312560971	-0.4822093218715463	0.16802777510751196	0.9857822613500504	0.07017374078086214	0.058319923994247014
0.7744134007916883	0.6326799227684183	0.19943223065149648	0.9799116212074273	-0.4655274168590929	0.8850334593406627	-0.6659021972851935	-0.746039049682221	-0.11314852730150245	0.993578084887897	0.8165939031845018	-0.5772126101203094	-0.9743948215390024	-0.22484379412822547	-0.043679656859112966	-0.9990455883375244	-0.987687513529456	0.1564396868380919	0.2174205557511798	0.04558596230407852
0.6182289202967598	0.7859980929421538	-0.2355860042174052	0.97185350470988	-0.9095210823454684	0.4156577928646683	0.4719203033856369	-0.8816412123150826	-0.5545824545048168	-0.832128776786029	-0.9953577437501656	0.09624428272151912	-0.3848766023108255	0.9229680389881738	0.984723091167085	-0.17412763629688627	-0.4012135319106421	0.9159845532604728	0.2957379593749159	-0.010358867022026376
-0.18049178811190025	0.9835764913946292	-0.9348454288483375	-0.3550549593532914	0.5179556342340453	-0.855407482411282	-0.9885036071252044	0.15119728403797286	0.9542787625990812	-0.2989181213181405	-0.8981123909391318	0.4397659982781703	0.8212959134952669	-0.5705024298598343	0.029702689462625005	-0.99955877778082	0.327130877747558	-0.9449790414734668	0.2552373121018467	-0.08347769969020824
-0.7497189430641819	0.6617563799546823	0.12415698717854826	-0.9922625874912072	0.5635532526611132	0.8260797367173942	0.8467503958052987	-0.5319903826231921	0.43397246559285935	-0.9009261341016	-0.11181768178658856	-0.9937287386605428	-0.623335798214509	-0.7819542714662291	-0.2827767820068962	0.959185744033878	-0.986872841557756	0.16149920927273945	0.1364536298882949	-0.13919947339307034
-0.9126651152016156	-0.4087081935733876	0.6659152250119568	0.7460274211429998	-0.3028500758984782	-0.9530382109486932	-0.6483148060867642	-0.7613723873431982	-0.1593758244173626	0.9872179833204447	0.854966219490885	-0.5186836835003236	-0.949198693182572	-0.31467735994268403	0.28051517411639365	0.9598495908685116	0.902873440251786	-0.4299064443433068	0.046033440826345855	-0.1572734370953066
0.06175184606638481	-0.9980915336317574	-0.992373419014787	-0.12326798948998045	-0.18431362728913106	0.9828674818079612	0.2522526286156145	0.96766141359285	-0.8727372227130256	0.4881902703773956	-0.6925531456557179	-0.7213668556583189	0.5233405198176907	-0.8521236414493787	0.9813917298212744	-0.19201633430103512	-0.9502375988370496	-0.31152609161416706	0.041848283363951404	-0.12766799377252602
-0.12053668025521885	0.9927088740980666	-0.9709418174261024	-0.23931566428735396	0.3546048870422416	-0.9350162426855264	0.0	0.0	0.0	0.0	0.0	0.0	0.0	0.0	0.0	0.0	0.0	0.0	0.15365950708879314	-0.057021620443665766
-0.53723004150217	-0.8434357607474186	-0.4227677650151533	0.9062380575015	0.9914771293919108	-0.13028085773733605	0.0	0.0	0.0	0.0	0.0	0.0	0.0	0.0	0.0	0.0	0.0	0.0	0.27785304599828253	-0.03559487889005486
0.23611890471503505	-0.971724170140978	-0.8884957256723442	-0.4588848934776281	-0.6557001798945234	0.7550213732645517	0.8627273727057491	0.5056693389797677	0.4885970392315295	0.8725095605517358	-0.01967529276969856	0.999806422691126	-0.5225458665083664	0.852611175973562	0.6950773610968126	-0.7189349498325222	-0.2876648764748899	-0.9577311307682788	0.2925861884135233	-0.08695884277061239
0.6210627318677464	-0.7837608583521966	-0.2285621661699433	-0.97352931963845	-0.9049656185139754	-0.42548469926381377	-0.5679167720554618	-0.8230859857986313	-0.35494108003620944	0.9348886723576928	0.9710707569435484	-0.2387919282745626	-0.7480336594054582	-0.6636607901605147	-0.9978145206534764	-0.0660770941633578	0.2923906368009217	0.9562989676409523	0.11954877104216133	-0.12859378798265064
0.9879898494768312	-0.1545187928076986	0.952247885338503	-0.3053259976948396	0.8936326403236058	-0.4487991802000771	-0.9639328122812596	-0.26614569958491097	0.8583329331849165	0.513093145354893	-0.6908177440358589	-0.7230289375434475	0.4734708483796452	0.8808094888990803	-0.9934803463223612	-0.11400351517037192	-0.9112313219007196	0.4118949841732322	-0.13781273231248636	-0.1323859746566126
0.4927273415481953	0.8701837546695802	-0.5144395337816962	0.8575266561935384	-0.9996841892832916	-0.0251300954436692	-0.8597713340688378	0.5106792076377213	0.4784134937730182	-0.8781346872638014	0.037118918513314836	0.999310855484119	-0.5422410579517886	-0.8402229674743038	-0.8680175941089624	-0.4965334392740219	0.02075190655879471	-0.9997846560005684	-0.2997117794941341	-0.11071267895278936
-0.10126697290567216	0.9948592866322964	-0.9794900003970436	-0.20149277684869826	0.2996469475688409	-0.954050159484645	0.9625216361712614	-0.2712049039051431	0.8528958001956043	-0.522081175688896	0.6793396860044798	-0.7338239509714402	0.4548624919826002	-0.8905616842124856	0.17233906477897296	0.9850376879851394	-0.3672823696815293	0.9301094886738444	-0.29197999375568684	-0.07651633783318022
-0.8386166560241539	0.5447220430998418	0.4065557915222682	-0.9136259564940687	0.15672773927683867	0.9876418458840084	-0.2662912548868783	-0.963892612053216	-0.8581779351415434	0.5133523464796838	0.7233418134170214	0.690490130966819	0.4729387367276056	-0.8810953134040019	0.7483698346681805	0.663281682664854	-0.3017372712647615	-0.9533911155080562	-0.16653480799354548	-0.0435567288808888
-0.8951632913551621	-0.44573835577633747	0.6026346363796145	0.798017227279969	-0.183749517817232	-0.982973099683778	-0.9864093778411096	0.16430623636099406	0.9460069213857704	-0.3241464247685249	-0.8798908196739331	0.4751759100096866	0.7898581906195661	-0.6132895227469529	0.9562350569311936	0.2925995828701695	0.8097598736524979	0.5867614055323429	-0.03831872442502749	-0.025427204125475056
0.2872526654077331	-0.9578548461098648	-0.8349718124323059	-0.5502927152375453	-0.7669484227307437	0.6417087476969785	0.7932763960520618	-0.6088616915742463	0.2585748810666948	-0.96599121677236	-0.3830336965277055	-0.923734370544001	-0.8662780617626894	-0.4995621279767695	-0.3553303627140457	-0.9347407840323992	0.811071881056037	-0.5849464964936724	0.044371992293744	-0.015782131585719502
0.9841710597877072	0.17722111916005087	0.937185349847318	0.3488317933210217	0.860530338165789	0.5093991922807419	0.1943972472740456	-0.9809228870060448	-0.9244194205045472	-0.3813774180441696	-0.5538064286195504	0.8326454465255058	0.7091025300119255	0.7051053835638234	0.3651603967144297	-0.9309446195512172	0.017479893024591305	0.999847214998296	0.08237069268125702	-0.0074381200561119964
0.585265975430649	0.8108413765979205	-0.3149274760064221	0.9491157383882244	-0.9538986483002708	0.3001289202508087	0.0	0.0	0.0	0.0	0.0	0.0	0.0	0.0	0.0	0.0	0.0	0.0	0.08089404845501141	-0.002216131070343685
-0.08062524842180593	0.996744485471037	-0.986999138633844	-0.16072554350833496	0.23977934991073	-0.9708274117248584	0.9787258147391644	0.20517256045377716	0.9158084408736824	0.40161536278448695	0.8139249101390328	0.5809700858522471	0.6774102007509698	0.7356054784451586	-0.2834146301524548	0.958997469973486	0.12559460625209576	0.9920816472853335	0.03763143540763081	0.001577913941040343
-0.8562058101777446	0.5166348910186688	0.4661767787642565	-0.8846915908614603	0.05791927708194225	0.99832126960328	0.07406227662504246	-0.9972536182842936	-0.9890295583622314	-0.14771774668539173	-0.22056183810857596	0.9753729930494108	0.9563589346283808	0.2921944355330339	0.4518034628389269	0.8921174984085642	-0.5786285659616319	-0.8155911859830178	-0.027182191271740815	-0.006383948269035543
-0.9238795325112074	-0.3826834323652813	0.7071067811862545	0.7071067811868407	-0.38268343236451613	-0.9238795325115244	-0.5925754423443156	0.8055149564908392	-0.2977086902608773	-0.9546567633150423	0.945405159986488	0.32589735112596857	-0.8227390714863059	0.5684192293104193	0.8557255510221728	-0.5174299772218447	0.2392110942792037	0.9709675856452396	-0.06528847920911385	-0.028030850802171825
0.09008186659151267	-0.9959343639574793	-0.9837705146227778	-0.1794312530158414	-0.2673216351013384	0.9636073595644372	0.6141758993791286	-0.7891691609673038	-0.2455759292436768	-0.9693773583987324	-0.9158295337973288	-0.4015672608973087	-0.8793849259522093	0.4761114911530989	-0.7306345749512365	-0.6827687147825581	0.8412867978144224	-0.5405890526297726	-0.04461518372863826	-0.05041547174484151
0.9996904116809588	0.02488133423180734	0.99876183841369	0.04974726252273403	0.9972148551490676	0.07458238847089811	-0.7175593716859304	-0.6964973424972221	0.029782903788614576	0.9995563909264542	0.6748173682268482	-0.7379847691784637	-0.9982259572838362	0.0595393836445148	-0.7000074405159992	-0.714135549613825	-0.734667006856477	0.6784278804976586	0.016368893677206953	-0.060081832161162814
0.4851211199672431	0.8744469674953008	-0.5293149979234554	0.8484253844465595	-0.9986848891834144	-0.05126882207259337	0.9837664647089104	-0.17945345612200433	0.9355929141717356	-0.3530805842178796	0.8570434024539606	-0.5152442200647558	0.7506682020967218	-0.6606793854517298	0.6341684196582397	0.7731949401723803	0.3203233586333642	0.9473082634041788	0.06655168049398975	-0.07017749419881192
-0.4400468474880164	0.8979748170276594	-0.6127175440317169	-0.7903019747132997	0.9792956947915302	-0.20243503195537613	-0.2477264795610119	-0.9688300115728804	-0.877263182648615	0.4800096961200082	0.6823691193330728	0.7310077872229589	0.5391813832615548	-0.8421896674408658	0.9789962087431902	0.2038784521877186	-0.7609736960029346	-0.6487827325011304	0.06368339339023127	-0.08521453153920655
-0.979843970833684	-0.1997643432168973	0.9201884143582432	0.3914757745772551	-0.8234381688461813	-0.5674060116770422	0.23689795588157905	0.9715345379857216	-0.8877587169982589	0.4603090922343434	-0.6575144066274604	-0.7534419719376791	0.5762310792127894	-0.8172868182891878	-0.03804507488013989	-0.9992760240681072	-0.42620099266663863	0.904628494935889	0.03463497040871577	-0.09449078403190593
0.40617049250274384	-0.9137973139707068	-0.670051062040157	-0.7423150101263328	-0.9504804322444184	0.3107844074603221	-0.4490175523000048	-0.8935229363180962	-0.5967664754530247	0.8024149635789293	0.984934796505241	0.17292613056787934	-0.2877395475507487	-0.9577086993315298	-0.9988765395387647	0.04738838211062601	0.6341211788186256	0.7732336843242646	0.013431730065375236	-0.09290032223538593
0.9235756469968112	-0.3834162545777388	0.7059839514511571	-0.7082278307814585	0.3804835224649229	-0.9247876994925291	-0.9982871825574104	0.05850385578393631	0.993154597716825	-0.11680729871858167	-0.9846198278399242	0.174710602495894	0.972712109932136	-0.23201541153848396	-0.8995624012560507	0.4367922689865836	-0.9444250597821172	0.3287267960716685	-0.007427135310506317	-0.07701711136940748
0.6772815716258248	-0.7357239106730546	-0.0825793454721055	-0.9965844930066886	-0.7891405093961834	-0.6142127126899379	0.6348185480976846	-0.7726612524199382	-0.19401082198229547	-0.9809993888651276	-0.8811418847497626	-0.4728519630282149	-0.924719601907508	0.38064899559570586	-0.13851445430311313	-0.9903604121475732	0.9984162622087612	0.056258042599134916	-0.06467727629381625	-0.052350040953837884
0.9582458291091452	-0.2859456783987601	0.8364701380101458	-0.5480125073547936	0.6448422127360025	-0.7643157205459901	-0.761946710133083	-0.6476397230848115	0.1611255781652573	0.9869339127119464	0.5164085017304657	-0.8563423727344662	-0.9480770961218232	0.3180405945932239	-0.9153220369639332	-0.4027226944787145	-0.5449424770129901	0.8384734323441302	-0.1521181388000078	-0.037211299701964566
0.9731614129084246	0.23012358511477865	0.8940862711478424	0.44789478646770015	0.7670191048760938	0.6416242613516697	0.9680626250075386	0.250708504170708	0.8742904918729723	0.485403065318418	0.7246732721558243	0.6890926270269988	0.5287677283589673	0.8487665694677763	0.8843872521376478	0.4667538840292821	0.9997751317347012	-0.02120580026456553	-0.19011353240961792	-0.044149618496404315
-0.6660118674342896	0.7459411454241482	-0.11285638487338046	-0.99361131052002	0.8163392507170955	0.5775727034223928	0.05654404623193985	-0.9984001055867932	-0.9936055416714404	-0.11290716345654656	-0.16890900160110306	0.985631649845985	0.9745039448803932	0.22437036660965565	0.7070887125297785	0.7071248493816211	-0.7824067241762283	-0.622767788155283	-0.10586795007076977	-0.06306411303726889
-0.9737625319593428	-0.22756654269054985	0.8964269372957403	0.44319154559916735	-0.7720513963959758	-0.6355601004806894	-0.9098304937982904	-0.4149800869376251	0.6555830548904823	0.7551230748298338	-0.2831084153153084	-0.9590879131641972	-0.1404217162809259	0.9900917844304736	0.7915232616250234	0.6111390400772028	0.9803944289646616	-0.19704508026097728	0.03792646312385628	-0.06784752545446526
-0.9879670515624892	-0.15466449181024602	0.9521577899461566	0.3056068439103591	-0.893433997148231	-0.44919449322062543	0.9983032769030395	0.05822857824687758	0.9932188653506944	0.11625956094652587	0.984764019019995	0.17389602308157334	0.972967428977042	0.2309423784189567	-0.977284851583681	-0.21192998576195526	-0.995296638510454	-0.09687415222746863	0.11947837497642515	-0.05721937932531185
-0.7626851781104682	-0.646769912017097	0.16337736181879312	0.986563651086503	0.5134741935144985	-0.8581050358753498	-0.03595105411472045	-0.9993535519064513	-0.997415043416081	0.07185562724865385	0.107667298516096	0.9941869808191244	0.989673537665405	-0.14333976714381166	-0.6189324727297647	0.7854442018378003	0.6737711449512537	-0.7389400816244013	0.07117289207170369	-0.043732104453262366
-0.199051203407316	-0.9799890909709656	-0.9207572368441986	0.3901360157676248	0.5656068754869819	0.8246750041088029	-0.9975564724382724	0.06986475718493594	0.9902378314069799	-0.1393880814503223	-0.9780798435082708	0.20823020847810875	0.9611419254991966	-0.2760547029986933	0.2670315161901674	0.9636877966235644	0.13009811642102262	0.991501124610407	-0.03552579431746549	-0.04313780473151574
0.7633506290764354	-0.645984378362674	0.16540836582277926	-0.9862251631933946	-0.510821468865788	-0.8596868191067016	0.9013502354411124	-0.4330909293326881	0.6248644938594972	-0.780733222242857	0.22509328187698624	-0.9743372180379068	-0.2190887286274288	-0.9757049395121544	0.40827629448267694	-0.912858404881882	0.9678162440016556	-0.2516579381750713	-0.07307671569539907	-0.05255938791940662
0.887585789004588	0.4606424504505667	0.5756170656857944	0.8177193856643462	0.13423326581787512	0.9909497617679048	-0.13005262930347888	-0.9915070920630128	-0.9661726272225039	0.2578962085916826	0.3813592103661528	0.924426932033519	0.8669790911880707	-0.4983445148114977	0.34129739093457195	-0.939955366462288	-0.5721631221194711	0.8201398427625006	-0.01751702565565627	-0.0656622007424702
0.15313262471522282	0.988205646233529	-0.9531007984956534	0.3026530487322865	-0.4450342784988509	-0.8955135347726506	0.7735732126016018	0.6337069391644982	0.19683103050952616	0.9804374255548174	-0.4690467873797257	0.8831733189180698	-0.922515090857116	0.3859610176441231	-0.507773478884654	0.8614906233624227	0.7446920717947949	0.6674082095734034	0.07729346263654702	-0.08643033787699805
-0.9866859442078344	0.16263716519508795	0.9470983049946112	-0.3209436098076017	-0.8822912264346606	0.4707039321658812	0.0009125931926357586	-0.9999995835867456	-0.9999983343473297	-0.0018251856252397148	-0.002737776537780699	0.999996252282792	0.9999933373948668	0.0036503651702288076	0.16173665459486286	0.9868339549085562	-0.16353754034677018	-0.9865371117689028	0.13922884825646206	-0.10278193250366097
0.020942419883238257	-0.999780683474848	-0.9991228300988682	-0.04187565372896238	-0.0627905195289579	0.9980267284282938	-0.99870111115067	0.05095184576065063	0.9948078188271656	-0.10177132995267868	-0.9883302369374596	0.15232643485339226	0.979285192799326	-0.20248582953872807	0.030025453171314824	0.9995491344410524	-0.07185588918646225	0.9974150245455614	0.1645543664203627	-0.10919910763944772
-0.3680222394588397	0.9298169880485626	-0.729119262527401	-0.6843866604570101	0.904686447114663	-0.4260779651742719	0.7387950103548925	-0.6739302135048661	0.0916361346505713	-0.9957925581296048	-0.6033943722587888	-0.7974429330845074	-0.9832056376526048	-0.18250116188160265	0.3547387670641948	0.9349654577265274	-0.8985247554878435	0.4389228449004576	0.1921769405564398	-0.1097194214999524
-0.6918195992596405	0.7220703858213757	-0.042771284160460804	-0.9990848899123964	0.7509996245950606	0.6603026305097368	0.0	0.0	0.0	0.0	0.0	0.0	0.0	0.0	0.0	0.0	0.0	0.0	0.18126069950896428	-0.10793963950449537
-0.9215506945493948	0.3882580551328304	0.6985113652489441	-0.7155989607441141	-0.3658765730422257	0.9306633834522968	0.9529108526743578	-0.3032505677742884	0.8160781862891435	-0.5779415142235605	0.6023886680171058	-0.7982029144550757	0.331967212273956	-0.943290925417529	-0.760416182463739	0.6494360857292066	-0.9958951337876824	0.09051454301941944	0.09152598393277656	-0.10839409610715113
-0.7584986865375037	-0.651674567956186	0.15064051495823674	0.9885886076893244	0.5299774210671926	-0.8480117529603982	-0.6784141169819993	-0.7346797165292739	-0.07950857175906843	0.9968341823075858	0.7862935919868562	-0.6178530466060738	-0.987356774033666	-0.15851372423178994	0.03580412980395914	0.9993588265928216	0.9933483035147344	-0.11514837343357805	-0.0742324169748293	-0.11094574996019946
0.18374951781639765	-0.9829730996839342	-0.9324722294044828	-0.3612416661868253	-0.526432162876907	0.8502171357298922	0.9147505746895904	0.4040190417604892	0.6735372277898721	0.7391533012718902	0.3174865577016479	0.94826277248385	-0.09269520556226768	0.9956945309008024	0.5652248268321257	-0.8249369037281538	-0.229054872789156	-0.9734135119524197	-0.1949030768255	-0.10844716866230153
0.9988186376952785	-0.048593507720146936	0.995277342014904	-0.09707220236374432	0.98938448006533	-0.14532154212592405	-0.11215693606080912	-0.9936905059893908	-0.9748416433869032	0.22289856508897032	0.3308274397943279	0.943691265763931	0.9006324593625562	-0.4345816069998288	-0.1603113453585651	-0.9870664985447164	-0.06373753081010163	0.9979666964213942	-0.2128257021123897	-0.09967936744937057
0.761223664403509	-0.6484894237781322	0.15892293449581207	-0.9872909909906196	-0.5192718672941887	-0.8546091082107694	-0.9708288241791556	0.2397736310416933	0.8850172117141638	-0.4655583045867476	-0.7475716138743973	0.6641812118158938	0.5665109300606264	-0.8240542252314734	-0.583527211218789	0.8120935868280349	-0.894508538881625	0.4470508627302496	-0.1936053313768572	-0.09442015529474025
-0.06495271076342686	-0.9978883431348832	-0.9915622907289652	0.12963110585167067	0.19376202811070575	0.9810485596862298	0.5581394175578799	-0.829747184730476	-0.3769607811363013	-0.9262292208115168	-0.9789327592090368	-0.20418289092718256	-0.715801138970219	0.6983041811767542	-0.8642477115458328	-0.503066489728536	0.7917423752372242	-0.6108551475216678	-0.212328215955492	-0.09642815400610127
-0.25615618369275195	-0.9666354067361516	-0.8687680191119302	0.4952192736236472	0.7012367842727989	0.7129284482910918	-0.4471628197472487	-0.8944525770747656	-0.6000908252713792	0.799931872989891	0.9838394308128554	0.17905299321105114	-0.27978200285023025	-0.9600635556467676	-0.75006600925112	0.6613629727812852	0.97915305204261	0.20312385550604714	-0.2698369627467839	-0.10127591354952448
-0.0310384198560556	-0.9995181921770304	-0.9980732329856784	0.062046930605112675	0.09299565196105616	0.9956665148112284	-0.7457460583834589	0.6662303028274345	0.1122743671889304	-0.9936772446183546	0.5782897248061752	0.8158314741315132	-0.9747889329446504	-0.22312896765913154	0.6890560871217367	0.7247080162385965	-0.6427625285895283	0.7660654879585661	-0.26063296446953643	-0.10038115599471154
0.5613546504842761	-0.827575347856421	-0.3697619127593524	-0.9291265402906888	-0.9764897890831236	-0.21556366070466687	-0.17391541921470846	-0.9847605937279232	-0.9395068539187444	0.342530102968634	0.500704875923449	0.865618060825029	0.7653462571205939	-0.6436187588250498	-0.9125918202767812	-0.4088718253486183	0.7173353615425828	0.6967280524570343	-0.12894271305798388	-0.09520055705319196
1.0	-2.4492935982947064e-16	1.0	-4.898587196589413e-16	1.0	-7.347880794884118e-16	0.0	0.0	0.0	0.0	0.0	0.0	0.0	0.0	0.0	0.0	0.0	0.0	0.07428044301338382	-0.10246601012839897
0.6064510853987178	0.7951207964949206	-0.2644341620374341	0.9644037401148754	-0.9271838545669224	0.3746065934155775	0.6775550743681925	-0.7354720397118528	-0.08183824239582625	-0.9966456251253812	-0.7884549071935238	-0.6150925615892715	-0.986605004163124	0.16312745250350147	0.9956931242834316	0.09271031363715032	-0.17388510374743288	0.9847659471644744	0.23160590079664545	-0.11683076537484414
0.014959407015334427	0.9998881018102724	-0.9995524322834992	0.02991546616954003	-0.04486483035072717	-0.9989930665413052	-0.7447304067851666	-0.6673654330347056	0.10924675758079956	0.9940146608365904	0.5820116423589476	-0.8131804523958014	-0.976130291916164	0.21718575736835136	0.6561500307790671	-0.7546304639415435	-0.6784314813226572	-0.7346636816600811	0.2675863112558081	-0.13031195368195736
-0.3582687950764223	0.9336184822905385	-0.743286940948977	-0.6689727374226186	0.8908618285360818	-0.4542743691397839	0.9988529520284264	0.047882984703314285	0.9954144395518044	0.09565612124567496	0.9896923508476564	0.14320981346834874	0.9816998129364654	0.19043496863892595	-0.4025622830880012	0.9153925978698844	-0.3131534040755025	0.9497025563385229	0.19603204314627887	-0.13484836067660474
-0.8615025877246133	0.5077531795506502	0.4843734173124102	-0.8748613562165709	0.026924682845303003	0.9996374650110308	-0.15183975620576154	-0.9884051236387712	-0.9538893768707498	0.3001583860116733	0.4415164170684025	0.8972531713285166	0.8198098866137346	-0.5726357915904101	0.6326761871024774	0.7744164527393973	-0.37105550132100173	-0.928610690730739	0.08838994413223061	-0.12224147444847933
-0.8784735536271987	-0.4777909747762106	0.5434315688447969	0.8394534710053217	-0.07630696924538531	-0.9970843727812526	-0.9948305118721442	0.1015492621746096	0.9793754947035848	-0.20204860893881088	-0.9537947375498592	0.30045897993269466	0.9183527192517827	-0.3957629126672381	0.9224516159832992	0.38611269879375854	0.8254129740588757	0.5645293812152576	0.020505253206561047	-0.10915967312337793
-0.5746272064057689	-0.8184152819066258	-0.3396071473166036	0.9405673742435886	0.964922219081714	-0.2625359234893788	0.6854538068484523	-0.7281161162046647	-0.06030615735392976	-0.9981799273603948	-0.768127977117759	-0.6402963460531219	-0.992726334770406	0.1203927915338603	-0.9897817626539236	-0.14259054077214187	0.20202095035487266	-0.9793812003595505	0.0023436572327438787	-0.10116689177919724
-0.053943298316990566	-0.998544000315802	-0.9941802411333684	0.10772951378335288	0.16120202097361952	0.9869214297166824	-0.8231344547551182	-0.5678465192241597	0.355100661210012	0.9348280699723412	0.2385432764585479	-0.9711318681087656	-0.7478070408164245	0.6639161315297153	-0.5226171474236484	0.8525674854337154	0.6114223223193451	0.7913044570641686	0.0021767381237883803	-0.09913982238451567
0.09932974992813567	-0.9950545717593654	-0.980267201558428	-0.19767704355541185	-0.2940691419152397	0.9557841491535808	0.9491945611229524	0.3146898236908939	0.8019406297307885	0.5974037381762745	0.573200807045007	0.8194149344519861	0.2862175472260267	0.958164659993217	0.4074168061392623	-0.9132423260423724	-0.2188502893602836	-0.9757584490266636	-0.014152637669202052	-0.11071355528888027
0.641546508226691	-0.767084139962586	-0.17683615556428053	-0.9842403030181428	-0.8684437444876832	-0.4957877193519537	-0.4128225191603944	-0.9108114885496702	-0.6591551353481315	0.752006986366607	0.9570506861442472	0.28992065147351176	-0.1310290150883728	-0.9913785337624428	-0.9635138930468636	-0.26765832306445625	0.4338242016774691	0.900997537199135	-0.039890468417215434	-0.12834032657109673
0.9102070542141548	-0.41415349625324976	0.6569537630824188	-0.753930867634327	0.2857208446861505	-0.9583128919678752	-0.9720285585607676	0.23486268614293815	0.8896790373154474	-0.4565864765424603	-0.7575583058861642	0.6527675031608764	0.5830575788770826	-0.8124308338030963	-0.7874780482941002	0.6163426996849357	-0.9820164535051548	0.1887953522869613	-0.04979872713636879	-0.14491469644104116
0.9788556850953308	-0.20455206612633006	0.916316904486899	-0.4004539056515084	0.8150283375165808	-0.5794210982048879	0.2522526286156145	-0.96766141359285	-0.8727372227130256	-0.4881902703773956	-0.692553145655718	0.7213668556583187	0.5233405198176908	0.8521236414493787	0.04898177813949277	-0.9987996723118672	0.4448560610617781	0.8956020795736238	-0.03434134040159931	-0.1635833152401912
0.9017164736042101	0.4323278862516128	0.626185197538425	0.779674354063133	0.2275665426907987	0.9737625319592846	-0.8535190292819419	-0.5210616726008657	0.4569894666927766	0.8894721059886318	0.07342061727455954	-0.9973010643526972	-0.5823212546637033	0.8129587667076912	-0.5443626777159393	-0.8388499717529544	-0.9949016607604636	0.100849816142974	-0.004970451624285554	-0.1855468805657892
0.794577679713891	0.6071625078185321	0.262707378199022	0.964875553343433	-0.3770948416876941	0.9261746489580314	0.0	0.0	0.0	0.0	0.0	0.0	0.0	0.0	0.0	0.0	0.0	0.0	0.01609618692066994	-0.19888287780872568
0.3420201433255146	0.9396926207859646	-0.7660444431191888	0.6427876096862881	-0.8660254037841925	-0.5000000000004262	0.24439197378259456	-0.969676525007514	-0.8805451263012952	-0.4739623197544674	-0.674788296625429	0.7380113513607715	0.5507194389059279	0.8346904214205048	0.994784852999666	-0.10199556971963604	-0.827610897198209	0.5613022384052782	0.026650690908276098	-0.19238687919749475
-0.14337155076493532	0.989668933750705	-0.9588891968625152	-0.2837807395514373	0.4183264130967792	-0.9082967643372858	0.0	0.0	0.0	0.0	0.0	0.0	0.0	0.0	0.0	0.0	0.0	0.0	0.027589085151019987	-0.18260086264163056
-0.3806480764086087	0.9247199802785846	-0.710214083852852	-0.7039857634192997	0.9213313261223894	-0.3887783269493805	0.9893816600336776	-0.14534074029329913	0.9577521384219916	-0.28759492580381585	0.9057831411918316	-0.42374154992478413	0.8345783173037952	-0.5508893103758372	-0.24220673922808145	0.9702246623707832	-0.5110057122234704	0.8595773159378882	0.02566351085755225	-0.18583749412957015
-0.8557812723014426	0.517337814177665	0.4647231720437514	-0.8854560256532189	0.06037849742231534	0.9981755542233156	-0.8243405123279626	-0.5660942675340143	0.3590745605302558	0.933308877049824	0.2323410979450653	-0.9726343682009604	-0.7421309199600074	0.6702549497313042	0.9983171434342	0.05799035372696676	0.4125932014650936	-0.9109153912986566	0.028462420224294793	-0.1986364806521224
-0.999679075296431	0.025332714313164847	0.9987165071710552	-0.0506491688386666	-0.9971129134476528	0.07593311422517633	0.9953375014920508	0.09645339871441327	0.9813934837528768	0.19200736977364144	0.9582979747062852	0.2857708726826999	0.9262663399052162	0.3768695630567616	-0.9974614994935996	-0.07120784386554524	-0.9925746467052676	0.12163704500650005	0.042515595148450484	-0.20342761643180726
-0.3363585591501185	-0.9417339962465284	-0.7737258393729125	0.6335205801603307	0.8568571761674966	0.5155538571771756	-0.5845714060528634	-0.8113422651540954	-0.3165525424507565	0.9485749774624892	0.9546665357129585	-0.29767735148952584	-0.7995889757359238	-0.6005476416418402	-0.5674429978269773	0.8234126815984395	0.9606941895475763	0.2776088510287901	0.0790486864428319	-0.1991591448863612
0.8168022641865389	-0.5769177248271572	0.3343318775605131	-0.9424554077763372	-0.2706361950242105	-0.9626816971059634	-0.9981834890348562	0.06024717601847869	0.9927405555635967	-0.12027547272524433	-0.9836909738828888	0.17986680600192384	0.971067621321438	-0.2388046792278666	-0.7805608702014474	0.6250797772367614	-0.8500761976331315	0.5266597176712844	0.127900716999732	-0.20192055245010387
0.9593334882405182	0.2822751465153804	0.8406414833194411	0.5415920019004065	0.6535775648645274	0.7568595422571842	0.8418673815179355	-0.5396844558963461	0.4174813761277297	-0.9086854794627772	-0.13893947561162304	-0.9903008745410492	-0.6514186011729941	-0.7587185288668122	0.9599710806077264	-0.2800991331597331	0.6552920628872978	0.7553756100887226	0.1589084702138116	-0.21194802296866067
0.10452846326764197	0.9945218953682744	-0.9781476007338104	0.20791169081773672	-0.30901699437491464	-0.9510565162951642	-0.7671854924237579	-0.6414253036905514	0.17714715957096785	0.9841843749297882	0.4953760307299115	-0.8686786449420048	-0.937237767711876	0.3486909330258809	0.5577187881992135	-0.8300299713200728	-0.7181042293277831	-0.6959355687285647	0.14812243658081292	-0.22265591320023195
-0.717172177775498	0.6968960233957068	0.02867186515050108	-0.9995888775635668	0.6760468498337572	0.7368586410091514	0.999941039424102	-0.010858990535335766	0.999764164649107	-0.021716700566000263	0.999469396532292	-0.03257184973832081	0.9990567698330532	-0.04342315800060408	-0.7095623055687109	0.7046426998954969	-0.7246974802130454	0.689067168114156	0.11200378482231177	-0.2332777150617387
0.9826040373592247	-0.1857129660668604	0.9310213884692986	-0.3649646204945075	0.8470467129962227	-0.5315184531155005	-0.2805635093334036	0.9598354636241176	-0.8425682344610502	-0.538589612114074	0.7533513107598886	-0.657618280293635	0.4198424594456227	0.9075969971560344	-0.09742894612087959	0.9952424832460552	-0.4539367278924696	-0.8910339202691882	0.14344474318578765	-0.2745534191133792
0.02593684693505257	0.9996635833974686	-0.9986545599421351	0.051856242698252605	-0.07774074785947524	-0.9969736085384856	-0.7692534096861374	-0.638943809490515	0.18350161662749695	0.983019408096857	0.4869349211388962	-0.8734382534417972	-0.9326543133901902	0.3607713011239569	0.6187768502436213	-0.7855668078544198	-0.6586808661262142	-0.7524224322807104	0.1980309147065777	-0.365070356781732
-0.8558515005715343	0.5172216246150705	0.4649635820610942	-0.8853298071097098	0.059971941735327876	0.998200063216034	0.0	0.0	0.0	0.0	0.0	0.0	0.0	0.0	0.0	0.0	0.0	0.0	0.2304603883589297	-0.3853681029529573
0.782130987024212	-0.6231140498628898	0.22345776172693607	-0.9747136136958322	-0.4325845075487926	-0.9015933916288253	0.0	0.0	0.0	0.0	0.0	0.0	0.0	0.0	0.0	0.0	0.0	0.0	0.1773423997280425	-0.3388325134342475
-0.28834034050129154	0.9575279881233756	-0.8337196960791986	-0.5521878922700215	0.7691303826015101	-0.6390918983677187	0.0	0.0	0.0	0.0	0.0	0.0	0.0	0.0	0.0	0.0	0.0	0.0	0.10220290637243168	-0.27192110120089
0.34091918878974703	-0.940092605393182	-0.7675482134298816	-0.6409912168357667	-0.864263017348817	0.5030401940631763	0.0	0.0	0.0	0.0	0.0	0.0	0.0	0.0	0.0	0.0	0.0	0.0	0.08287313382218371	-0.1843306034664084
0.9926807845632516	-0.12076779354979986	0.9708302800822258	-0.2397677361019763	0.9347683436563192	-0.35525785522352826	0.0	0.0	0.0	0.0	0.0	0.0	0.0	0.0	0.0	0.0	0.0	0.0	0.04782140022738012	-0.07660409030550075
0.4326223357345964	0.9015752406890633	-0.6256758292470844	0.7800831729347667	-0.9739850130577044	-0.22661243200447545	0.0	0.0	0.0	0.0	0.0	0.0	0.0	0.0	0.0	0.0	0.0	0.0	-0.03842304451318268	0.03617594076242803
-0.998779163736718	-0.04939819921193938	0.9951196358292352	0.09867578419800124	-0.9890303516463034	-0.14771243523274966	-0.1017386732442712	0.994811159148557	-0.9792984847329907	-0.20242153492073944	0.3010037303379905	-0.953622962350747	0.9180510444006637	0.39646220485041267	0.15075634680047714	-0.9885709503618716	0.05247258716471565	0.9986223648588296	-0.1608415117418066	0.14558661851435106
-0.4067366430758901	-0.9135454576425608	-0.6691306063587119	0.7431448254775259	0.9510565162952448	0.3090169943746665	0.0	0.0	0.0	0.0	0.0	0.0	0.0	0.0	0.0	0.0	0.0	0.0	-0.2557344122144352	0.24508585227243146
0.17776356757222095	-0.9840732259562784	-0.9368002280879928	-0.34986473479658464	-0.5108214688670055	0.8596868191059782	0.0	0.0	0.0	0.0	0.0	0.0	0.0	0.0	0.0	0.0	0.0	0.0	-0.2685656440759159	0.3133739475562958
0.9206498866764224	0.3903892751635096	0.6951924276746192	0.7188236838779516	0.35940777283746805	0.9331806110416198	0.0	0.0	0.0	0.0	0.0	0.0	0.0	0.0	0.0	0.0	0.0	0.0	-0.21203229694819087	0.3454730852082811
-0.6190939493099209	0.7853169308806763	-0.2334453638556901	-0.9723699203977284	0.908143173824942	0.4186597375377301	0.0	0.0	0.0	0.0	0.0	0.0	0.0	0.0	0.0	0.0	0.0	0.0	-0.10803448251266724	0.3725216039508935
0.4869888244044398	-0.8734082006170893	-0.5256837698103634	-0.8506800656874269	-0.9989930665413258	0.04486483035026532	0.0	0.0	0.0	0.0	0.0	0.0	0.0	0.0	0.0	0.0	0.0	0.0	0.016914713564859296	0.42147495329642426
0.3312686321754301	-0.943536482249955	-0.780522186673239	-0.6251280797651192	-0.8483936664990694	0.5293658344134666	0.8376396022102259	-0.546223303063037	0.4032802063818112	-0.915076540591356	-0.16203265890438795	-0.9867853958426696	-0.6747301502812876	-0.7380645122896717	-0.2378978886148961	-0.971290170130726	0.7928653391752019	-0.6093968771946505	0.07537415427247857	0.4958159492821371
0.4999999999998961	0.8660254037844985	-0.5000000000002078	0.8660254037843187	-1.0	-3.60033884508486e-13	-0.9993552030873456	-0.035905125849246725	0.9974216438754996	0.07176394866990134	-0.994201815870482	-0.10753022514547192	0.9896998713426076	0.14315783130665993	-0.4685828504320418	-0.8834195562024778	-0.530772352655096	-0.8475144303532384	0.06746548917214279	0.5927864448511821
-0.9849470995519264	0.17285604150346418	0.9402415778315052	-0.3405081134377289	-0.8672293303746099	0.4979089159053144	0.9964133920671534	0.08461886379070184	0.9856792957815412	0.16863073820512328	0.9678747091329436	0.25143298793280816	0.9431273482647906	0.33243165456229473	-0.9960413623026207	0.08889097019573605	-0.9667875986398576	0.2555811791117987	0.02364496260319571	0.6614854692056249
0.8090169943750558	-0.5877852522923238	0.3090169943752984	-0.9510565162950396	-0.3090169943744209	-0.9510565162953246	-0.16201970157013504	-0.9867875233823764	-0.9474992326062488	0.3197580401030906	0.4690467873797278	0.8831733189180685	0.7955095915788606	-0.6059409952347129	-0.7110958453840418	-0.7030950850898866	0.4489424613964135	0.8935606674173443	0.030239829882104382	0.6379287900067648
0.4003490325568109	0.9163627295622762	-0.6794413042616512	0.7337298645027517	-0.9443763702373904	-0.32886664673884314	-0.11816996793986087	0.9929933829976372	-0.9720717173541844	-0.2346839924666496	0.34790933528983964	-0.9375281832660722	0.889846847359827	0.456259343185185	-0.9572513592229864	0.28925738584476146	0.862632894539001	-0.5058304945920764	0.07719831271887384	0.531389599947807
-0.7655399935523645	-0.6433883106428386	0.1721029634563084	0.9850789663623708	0.5020365904829942	-0.8648463804723994	-0.12816459329946736	-0.9917529112759802	-0.9671476740487642	0.25421521705449746	0.3760727699094388	0.9265901314673292	0.8707492468358694	-0.4917273117641179	-0.5399671082328542	0.8416861184709235	0.7361973520890854	-0.6767669161365817	0.1287926207712375	0.39112324712827057
0.13336754616756236	0.9910666464114526	-0.9644261952584862	0.2643522534408212	-0.39061385641024743	-0.920554623680917	-0.5182963186669147	-0.8552011026982624	-0.462737852112648	0.8864951664967909	0.997966969182556	-0.06373325992433829	-0.5717473604443462	-0.8204297385059387	0.7784373806502558	-0.6277222669352817	-0.9166851970668306	-0.3996101218419597	0.16395544518020616	0.2508835775107341
-0.9693199962309632	-0.2458022475625588	0.8791625101863891	0.4765220673618036	-0.7350596058895866	-0.6780024895156697	0.751673662774743	-0.6595352186887382	0.1300265906183965	-0.9915105071214102	-0.5561985355182596	-0.831049450446448	-0.9661861714643118	-0.2578454616066285	-0.8907275510680835	0.4545375999499433	-0.5664970728673727	-0.824063751437168	0.14517173060914534	0.1329636402078791
0.006159946638133117	-0.9999810273487268	-0.9999241101148308	-0.012319659535227382	-0.01847890495911243	0.999829250458053	-0.6337729616813838	-0.7735191226088771	-0.19666366608321448	0.9804710105060273	0.8830531898987389	-0.4692729097334106	-0.9226468048854198	-0.3856460468288584	-0.7774084545249603	0.6289961008091486	0.7696004392756621	0.6385257738468417	0.03952776889588328	0.04964056348421875
0.6489849656263865	-0.7608012318542327	-0.15763702878183586	-0.9874971226068634	-0.8535930890372382	-0.5209403404881076	0.6087939828558327	-0.7933283597846051	-0.258739772877064	-0.9659470637315096	-0.9238324165619152	-0.3827971605294011	-0.8661074598630507	0.4998578477623154	-0.20846705135178112	-0.9780293904074122	0.998663335426269	0.05168696620308742	-0.1526075934461708	-0.00985231580373902
0.6059740871457029	0.7954843843268906	-0.2655908114158642	0.964085847262298	-0.9278563861497326	0.3729376981228343	-0.5803126141902814	-0.8143938051161992	-0.32647453962328354	0.945205996054704	0.9592272013009936	-0.2826361199214687	-0.7868287499555301	-0.6171713848222533	0.29618314801940104	-0.9551311652486884	-0.9994919613055856	0.03187192001612021	-0.3194229977959201	-0.05544093872698497
-0.6358121945481822	0.7718438010788352	-0.1914857065276492	-0.9814954020246895	0.8793100891320897	0.476249689921701	0.9938841366215414	0.11042790848355843	0.9756113540558936	0.21950509296420812	0.9454051599864884	0.325897351125968	0.9036350283255487	0.42830332193795184	-0.717156750661103	0.6969118990096298	-0.546690557402832	0.8373347206742242	-0.3636337982951372	-0.08995357581322716
-0.9433118132576772	-0.3319078531287161	0.7796743540629733	0.6261851975386238	-0.5276402441056252	-0.8494679351218362	-0.14547714873129766	-0.989361611948337	-0.9576727983940237	0.2878590127408892	0.4241161649870693	0.905607795128035	0.8342743775676813	-0.5513494925490167	-0.19114657563246126	0.981561504249216	0.4656072015470156	-0.8849914880198323	-0.2788220001350421	-0.11931640834674573
0.036368314095739276	-0.9993384540433904	-0.9973546914596672	-0.07268850956920103	-0.10891253146346787	0.9940513369490628	0.0	0.0	0.0	0.0	0.0	0.0	0.0	0.0	0.0	0.0	0.0	0.0	-0.15128081584901487	-0.1413123147928983
0.9510565162951315	-0.30901699437501523	0.8090169943748637	-0.5877852522925885	0.5877852522923015	-0.8090169943750722	0.4753549825911257	-0.8797940898447718	-0.5480752810515812	-0.8364290085238738	-0.9964156139569272	0.08459269627361496	-0.39922697260046053	0.9168521278528348	0.18021812843391535	-0.983626670126312	0.7239607790593824	0.6898411341633174	-0.06308336868574438	-0.1476712958092954
0.030397826197200564	0.9995378793034732	-0.9981519443249696	0.06076755746517081	-0.0910811248411768	-0.995843476002964	-0.7096393245849747	-0.7045651346771148	0.007175941994838162	0.9999742525967787	0.6994546633240186	-0.7146769717531718	-0.9998970117129734	0.014351514465932259	0.6826680476948968	-0.7307286340745368	-0.7258110333977621	-0.6878941370574928	-0.009973834591710641	-0.1430588063728706
-0.9761409383588866	-0.21713790194213528	0.9057022630803352	0.4239143907101517	-0.7920451755551245	-0.6104624803211514	0.7824900945831946	-0.6226630323691805	0.2245814962416336	-0.9744553101840376	-0.4310245021116905	-0.902340223296828	-0.8991263030917382	-0.4376892631634727	-0.8990243596485451	0.43789861926994417	-0.6286168707174018	-0.7777151341265397	0.035458341567254366	-0.13655201454417698
0.33801687840854344	-0.9411400479795468	-0.7714891798218878	-0.6362424423266265	-0.8595696069872674	0.511018679446999	-0.6144349276145266	-0.7889675023265099	-0.244939439454663	0.969538380364406	0.9154336211170634	-0.4024689867909089	-0.8800093419992709	-0.4749563748324789	-0.950218289211317	0.31158498495325204	0.5348395367764333	0.8449536495576371	0.0661929053681698	-0.13534787698023165
0.7564684559084973	-0.6540301791319832	0.14448904956917208	-0.9895063994510584	-0.5378656394619399	-0.8430305770766554	0.8532589279152346	-0.5214874897185403	0.4561015961341107	-0.8899277127968971	-0.07491341003959644	-0.997190042567734	-0.5839426680078331	-0.8117949005012866	0.3043949073744729	-0.9525459255933468	0.9865320200058824	-0.16356825334738226	0.04206727304122726	-0.13799142427594824
0.7346335969753939	0.6784640581453041	0.07937304361001078	0.996844982907615	-0.6180133879151799	0.7861675726952883	-0.15183975620576154	-0.9884051236387712	-0.9538893768707498	0.3001583860116733	0.4415164170684025	0.8972531713285166	0.8198098866137346	-0.5726357915904101	0.5590507650102666	-0.829133428430814	-0.7821439375408773	0.623097794064505	-0.031126369790383194	-0.13735095151456386
-0.4435699015729629	0.8962397795336646	-0.606491484837104	-0.7950899815870432	0.9816126380410316	-0.19088380978523745	0.34965682500533274	0.9368778494164488	-0.7554802094543802	0.6551714684895594	-0.8779744477896976	-0.4787074984041672	0.14150069375446853	-0.9899381564860524	-0.994764440662902	-0.10219445969632296	0.684569953759042	0.728947171206764	-0.09337921364902813	-0.12720053910295548
-0.8594192573161678	-0.511271493586457	0.4772029196917468	0.8787931346100014	0.03918449965499244	-0.999231992575692	-0.3428693347470255	-0.9393831057082792	-0.7648812385802642	0.644171321053585	0.8673779776120178	0.4976499210827687	0.17008661826415836	-0.9854291158107022	-0.18561129448057892	0.9826232479242712	0.7749483125301339	-0.6320246141620578	-0.09629224663810652	-0.111750155185648
-0.6304195245283201	-0.7762546122848397	-0.20514244618697366	0.9787321271790482	0.8890711312998573	-0.4577690722287732	-0.7046443346468495	0.7095606821478335	-0.006952723300197644	-0.9999758295272496	0.7144427288145521	0.6996939239724871	-0.9999033192774218	0.013905110499177151	0.995021298622874	0.09966250692637177	-0.1065782058035916	0.9943043226536266	-0.09284369035469221	-0.13402223751538678
-0.9947989815101383	-0.10185767711071823	0.9792500272272172	0.2026558268974621	-0.9535148779486836	-0.30134594327866293	0.7776922990632346	-0.6286451208573406	0.20961062404451924	-0.9777849386688604	-0.4516671628207101	-0.8921865130282401	-0.9121267725753344	-0.4099082223514236	-0.8376798387738997	0.5461615948707245	-0.7096151752988683	-0.7045894570496753	-0.1519602324433067	-0.1988290662923654
-0.9745674074966868	0.22409455202031736	0.8995632635096266	-0.43679049319314417	-0.7788026676989848	0.6272690051205659	-0.4219507229114648	-0.9066187663149776	-0.6439151748689845	0.7650968877034106	0.9653516699707254	0.260952396587446	-0.17074649514689028	-0.9853149924745148	0.6143877484097472	0.7890042424499384	0.20805109582861145	-0.9781179589009262	-0.264946743955501	-0.2480297349756924
-0.9695947318374049	0.2447162765186471	0.8802278880136981	-0.4745512250146917	-0.7373339142314886	0.675528459003817	0.9994473599404144	0.033241159849434675	0.9977900505837288	0.06644557890574958	0.995029903721026	0.09957655698469314	0.9911699700877596	0.132597475074866	-0.9771935478125432	0.21235058303083332	-0.9609242420815136	0.27681148997118715	-0.32695982444434546	-0.25512074767750226
-0.7541066097767691	-0.6567520240478804	0.13735355781802466	0.9905220846375564	0.5469481581229134	-0.8371664782622107	-0.2930168629538804	-0.9561072732830072	-0.8282822360493338	0.5603111077295504	0.7784181878490829	0.6277460671527539	0.3721029251097684	-0.9281914743870222	-0.4069594338059395	0.9134462322634808	0.8488913400650898	-0.5285673966132381	-0.2429151005468254	-0.22787310179333956
-0.2366971241043768	-0.9715834866035534	-0.8879489428814346	0.4599420342127287	0.6570470463674909	0.7538495730978138	-0.7931564576917142	0.6090179255341601	0.2581943327561365	-0.9660930009748612	0.3835794529618485	0.9235078793737977	-0.866671373065227	-0.4988794755341556	0.7794496119949859	0.6264649250842904	-0.40397390699409896	0.9147705080881888	-0.05100235052505375	-0.19680570534223507
0.09496909917537703	-0.9954802208993494	-0.9819617404036348	-0.18907971965143314	-0.28148114299701515	0.9595667596040902	-0.1754151819072532	-0.984494547448814	-0.9384590279128906	0.34539058025486524	0.5046551040949406	0.8633210445198962	0.7614106941424149	-0.6482698163925003	-0.996703871375967	0.08112578371984848	0.9633858277611338	0.26811890434841634	0.11804888657142508	-0.18486425030743736
0.06798577728710609	-0.9976862904173176	-0.990755868173336	-0.1356569558854216	-0.20270039288615774	0.9792408032367714	-0.9855261070834628	-0.16952372181177225	0.9425234154861698	0.3341401072309116	-0.8722367579147248	-0.4890838763876904	0.7767007774794298	0.6298697502363876	-0.2361332515789289	0.9717206838895436	0.1021297347253194	0.9947710878814964	0.16122869614267488	-0.18470747654851152
0.41041280545273295	-0.9118998459921008	-0.6631226582408343	-0.7485107481710664	-0.9547208665085226	0.2975030538552777	0.8382988489129275	-0.5452110049432797	0.40548992017747815	-0.9140995157172234	-0.15845538225177616	-0.9873661386919462	-0.6711558492689248	-0.7413162793248966	-0.15312924905082395	-0.9882061693215292	0.8412264138311266	-0.5406830131165786	0.10348706850557282	-0.18346447747115024
0.758874532431209	-0.6512368570860482	0.15178111194537205	-0.9884141308462898	-0.5285088917123426	-0.8489277657027074	-0.42711046798277663	-0.9041994515257868	-0.635153296279067	0.7723861017818976	0.9696717112118876	0.24441107273486914	-0.19316058045167134	-0.9811671570938224	-0.9129712656774864	-0.40802385720353224	0.2647247523036775	0.9643240147988416	0.017505342382400202	-0.17600807572092647
0.19818986198296526	-0.9801636488909252	-0.9214415572143464	-0.38851699658882416	-0.5634306120823249	0.826163389026975	0.7973201089151587	-0.6035566617307107	0.2714387121609612	-0.9624557265351996	-0.3644730218272245	-0.9312139476834158	-0.8526420510807978	-0.5224954858453136	-0.4335635375322611	-0.901122998775701	0.7496050622165373	-0.6618853758010832	-0.03489173379541066	-0.17588823730001155
0.8196377112609834	-0.5728822062857748	0.34361195544228595	-0.9391117207644298	-0.25636307781972906	-0.9665805565656675	-0.2419083053923791	-0.970299114594148	-0.8829607435643749	0.4694468290703924	0.669099379799685	0.743172940809659	0.5592393493515075	-0.8290062425198634	-0.7541442672926619	-0.656708781812467	0.3575899277589967	0.9338787092365451	-0.030905688820518695	-0.19157251962734392
0.965655346070844	0.2598263893541192	0.8649804947904034	0.5018054838601798	0.7048907320118696	0.7093159070003792	0.5768533484210479	0.8168477302505194	-0.3344804288308505	0.9424026966902898	-0.962745659125816	0.27040857204311813	-0.7762456854582608	-0.6304305162406361	0.3448029233985521	0.9386751003493232	0.7692801162047522	-0.6389116549351742	0.017811986656970258	-0.20135185665722954
0.762740820573179	0.6467042914898224	0.16354711873729347	0.9865355239182872	-0.5132526934770546	0.8582375385862288	0.478920762290493	-0.8778581340097573	-0.5412698068941861	-0.8408489734457254	-0.997371459335676	0.07245807134214645	-0.41405399228946094	0.9102523229682848	0.9330070378023408	-0.3598581212246035	-0.2024222073643744	0.9792983457382812	0.0862143135023336	-0.1912103336390134
0.4966248455157175	0.8679653004679909	-0.5067275256329795	0.8621062665158385	-0.999931803787798	-0.011678517614870423	-0.9749147619902214	-0.22257854086490428	0.9009175862929004	0.43399021038287783	-0.7817209464368744	-0.6236283844581141	0.6233049945836509	0.7819788256257805	-0.290976442964853	-0.9567302177936692	-0.6773573431639198	-0.7356541508493757	0.12092522584159998	-0.18072254720798286
0.2412887654540832	0.9704533639828574	-0.8835594633312888	0.4683189882523714	-0.6676747096790412	-0.7444531429546174	0.5174426181094308	-0.8557179073526846	-0.4645062739281156	-0.885569828687393	-0.998153303128672	-0.06074523399676481	-0.568467842962837	0.822705482853481	0.9552874123277372	0.2956788119703133	-0.7055812312938308	0.708629046854475	0.09857704035790153	-0.1891438662137236
-0.5505930458683984	0.8347738004042531	-0.3936945956827195	-0.9192412987514323	0.9841240590261506	0.17748193273089388	-0.9952637550270989	0.09721140843213188	0.9810998841412824	-0.1935019827752732	-0.95764255446711	0.2879596115320829	0.9251139653240756	-0.3796895457638578	0.4668357654632491	-0.8843440326503834	0.6291348391823307	-0.7772961817267746	0.06175210989812885	-0.21846663779303555
-0.9836199069471429	0.18025503781390945	0.935016242685412	-0.35460488704254267	-0.8557812723014419	0.5173378141776663	0.0	0.0	0.0	0.0	0.0	0.0	0.0	0.0	0.0	0.0	0.0	0.0	0.050488164918872876	-0.2522386210939285
-0.8033195529880552	-0.5955482312853184	0.29064460842585765	0.956831077877898	0.33635855914995816	-0.9417339962465856	-0.21999827282996806	-0.9755002613796836	-0.9032015199036618	0.4292167452974257	0.6174038216223835	0.7866463761094155	0.6315459711125696	-0.7753384334414755	-0.4042285410951226	0.9146580161809706	0.7576863694709507	-0.652618851641546	0.07306452627903481	-0.2683350194826223
-0.1502255891206224	-0.9886517447379346	-0.954864544746724	0.2970415815767748	0.43711576665056456	0.89940525156655	0.9715267607898808	0.2369298484132414	0.887728493861757	0.4603673763267079	0.7533772154149037	0.6575886033788038	0.5761237576281266	0.8173624752191939	0.08829292802813606	-0.9960945531726486	-0.3801892880003557	-0.9249087010563704	0.10274451025349718	-0.26736485533938203
0.964253495453202	-0.26498150219643984	0.8595696069874363	-0.5110186794467149	0.6934325007927378	-0.7205215936003097	-0.2683157407144494	-0.9633310247702273	-0.8560133265697126	0.5169537549288663	0.7276794402744341	0.6859173654325179	0.4655176305298912	-0.8850386068787258	-0.5139892929250734	-0.8577965998757414	-0.003459488812972255	0.999994015950672	0.123973162781908	-0.262246717706756
0.006981260297856599	0.9999756307053956	-0.9999025240093072	0.01396218033893538	-0.020942419883042386	-0.999780683474852	-0.8627738481004859	0.5055900385034101	0.4887574259322407	-0.8724197261617198	0.019399597781990446	0.9998118100952283	-0.5222323571921805	-0.852803239382625	-0.5116009664425858	-0.8592231672476086	0.4995544688190398	-0.8662824785732003	0.14593254843171655	-0.25977815190405074
-0.6353431280748927	0.7722299590199869	-0.19267821921602105	-0.9812619955138092	0.8801766930921061	0.4746461723615229	0.8686558775642466	-0.4954159528851372	0.509126067253823	-0.8606919586255326	0.01585482391816175	-0.9998743043795678	-0.4815812952853114	-0.8764014240240152	-0.16931950147797226	0.9855612139381555	-0.9344695834666465	0.35604297152966213	0.13960573004152316	-0.2662072426288127
-0.9849804479154816	0.17266591216628946	0.9403729655515664	-0.340145095010574	-0.8675175217177021	0.4974066239132489	-0.9396731582149764	-0.34207361156670896	0.7659712885394167	0.642874781845785	-0.4998521613926816	-0.8661107416208765	0.1734240297334685	0.9848472500398248	0.9846241404419256	0.17468629613967707	0.8664952361035602	-0.4991853421424105	0.08238315101877774	-0.2762269425434061
-0.9963695249188101	-0.08513383471372754	0.9855044603738714	0.16964951689646646	-0.967483697057355	-0.25293338239194924	0.9074232636844228	0.4202178250911196	0.6468339589513785	0.762630860605107	0.266481100502729	0.963840143942373	-0.1632116590945726	0.9865910775673968	-0.8683541312724552	-0.4959446568943553	-0.939903641002594	0.3414398126025536	-0.03256050072085159	-0.2760313684036884
-0.8944870822287602	-0.4470937929851848	0.6002142805482416	0.7998392447398144	-0.17928075881050196	-0.9837979515735588	0.013793509070962157	-0.9999048650284232	-0.9996194782150186	-0.02758439365173749	-0.041370029751500795	0.9991438938603188	0.9984782024537322	0.055147794378055004	-0.4593893744124778	0.8882349929365045	0.4347131430473161	-0.9005689775147285	-0.14245277022890135	-0.2712720987178319
-0.543307662486414	-0.8395336704882947	-0.4096335677670977	0.9122501521832695	0.9884217748454376	-0.15173132508284135	-0.8907616843733939	0.4544707049439754	0.5869127566954521	-0.8096501812685186	-0.15483710709515122	0.9879400134959636	-0.3110668320562903	-0.9503880396945574	0.8655011076203883	0.5009070100406671	0.10241418951835103	0.9947418427839956	-0.17880304158519533	-0.2812840447652407
-0.011549716194749392	-0.9999332998034522	-0.9997332081116413	0.02309789165281826	0.03464298584306186	0.999399751616878	0.21465359143255466	-0.976690245515489	-0.9078476713702116	-0.41930013783408654	-0.6043991176991498	0.796681684566985	0.6483747888246321	0.7613213074757686	-0.9791042881453764	-0.2033587788499316	0.974145912022917	-0.2259197691417005	-0.13492035449172926	-0.3019670137312466
0.5329505467989956	-0.8461463908016459	-0.43192742933330336	-0.9019083632994674	-0.9933424660803326	-0.11519871996443068	-0.6992857262383306	-0.7148422714692594	-0.02199894615866102	0.999757993900478	0.7300528243204051	-0.6833907181852852	-0.9990320927358166	-0.043987244559015135	-0.9775459181636152	0.21072251394109345	0.2321764978287133	0.972673672850249	-0.051153584773961036	-0.3214366891311983
0.8875857890044442	-0.460642450450844	0.5756170656852834	-0.8177193856647059	0.13423326581694714	-0.9909497617680308	0.842518725967025	0.5386670552344008	0.4196756072101979	0.9076741621929928	-0.13534961015467786	0.9907979022136536	-0.6477447694255033	0.761857410334704	0.9959405604387754	0.09001333275075304	0.499674735838146	-0.8662131137111	0.017143196688540363	-0.3417796778326144
0.9997302411662224	0.02322595310695931	0.9989211102045465	0.0464393754018716	0.9975730436554217	0.06962774283328436	0.21838402120115127	-0.9758629100872802	-0.9046168385680302	-0.4262257328918356	-0.6134917469066696	0.7897011311106265	0.6366632492416352	0.771141950009908	0.24099045637078434	-0.9705274854110012	0.19565976399376853	0.9806718394824554	0.03917099698802829	-0.3494692127819701
0.9103923876297751	0.41374593719546937	0.6576285989084855	0.7533423032710046	0.2870077530380644	0.9579282591593388	-0.9441962422749712	-0.3293834483908135	0.7830130878523525	0.6220052284763561	-0.5344397881296546	-0.8452065504147078	0.226218991496152	0.9740764692191592	-0.7233080078446402	-0.69052554318274	-0.9958701349469052	-0.09078917513025687	0.025630658925027583	-0.3349220823908701
0.8644903557985762	0.5026494053823711	0.4946871505374975	0.8690711266018974	-0.009185814244286224	0.9999578095183164	0.996798061530706	-0.0799601433754781	0.987212750942746	-0.15940823183278774	0.971305451385544	-0.23783548959044054	0.9491780312478884	-0.3147396781411308	0.901914229393984	0.4319151801183375	0.8215303923500374	0.5701647257110819	-0.0004458205047856989	-0.31320214332919505
0.16178199655244144	0.9868265225415792	-0.9476531711830116	0.31930153013535906	-0.468408440698922	-0.8835120444464832	-0.2400094582113409	-0.9707705495991824	-0.8847909199381971	0.4659882273136508	0.6647258368607022	0.7470873856583573	0.5657099440101626	-0.8246043046504298	0.9191529163058384	-0.3939008967322524	-0.9968113349876394	-0.07979450131531964	-0.0050128090983940785	-0.29491329966261026
-0.603236396476526	0.7975624426751898	-0.2722116999320308	-0.9622373877687947	0.9316524063680212	0.3633507860300776	0.7422013239445912	0.6701769876196108	0.10172561053020822	0.994812494976946	-0.5911995583154065	0.8065253140774122	-0.9793038003245128	0.20239581682921906	-0.9822308473870393	0.18767674986886065	0.08678514315415514	0.9962270518951556	0.025710911363930226	-0.30119364751554345
-0.9409766030312025	0.33847161261745234	0.7708739349042826	-0.6369877365265268	-0.509772070231853	0.8603095003610797	0.11420523073655275	-0.993457178378822	-0.9739143305448213	-0.22691601256727606	-0.336657452411566	0.9416271872326936	0.8970182464811357	0.44199351293871786	0.22879260316538785	0.9734751895846167	-0.44372150329914	-0.8961647323511182	0.06287207975927356	-0.3299968320640501
-0.9972476383747796	0.07414275255158051	0.98900570448815	-0.14787736976933866	-0.9753195679052062	0.22079796299151347	-0.7340959612681045	0.6790457419422182	0.07779376070028461	-0.9969694733521716	0.6198797901842318	0.7846967858486186	-0.9878962615922136	-0.15511600927089525	0.6817291432990547	-0.7316046577057429	0.7824217841311072	0.6227488672949115	0.07205509280789968	-0.3637932028996033
-0.8717844136968373	-0.4898897182379537	0.5200161279294767	0.8541564415803666	-0.034899496702959026	-0.9993908270190796	0.5229712304480195	-0.8523503341488666	-0.453002184247369	-0.8915094060452265	-0.9967854498309936	-0.08011720792204377	-0.5895780421342255	0.8077114164311245	-0.8734758325526539	0.4868675075895372	-0.03836050248022632	-0.9992639650510092	0.046391518564043	-0.3900452050153419
-0.20188240915683506	-0.979409767601402	-0.9184869857460644	0.3954512068702139	0.5727351400800652	0.8197404829075285	-0.9364708879694272	-0.35074531498760264	0.7539554480284949	0.6569255531551134	-0.4756437678398361	-0.8796379971983499	0.13689763522369666	0.9905851995008604	-0.15446638847077954	0.9879980439417856	0.5325803864077969	0.8463794255614451	0.015304469426154156	-0.4063768418623801
-0.06624194638257361	-0.9978035901616352	-0.9912240090788964	0.13219290383965296	0.19756316170762234	0.9802901596650287	0.692003560038718	-0.7218940870333683	-0.04226214578748098	-0.999106556395982	-0.7504946707183422	-0.660876500734719	-0.9964278220668754	0.08444877388727016	-0.7661481744789851	-0.6426639672041047	0.6744688490377161	-0.7383033060184266	0.001283932174621083	-0.4228572107404364
0.6409755654628958	-0.7675612838591594	-0.17830064895904196	-0.983976055898102	-0.8695482840407427	-0.4938479338033116	-0.8142833004776266	-0.5804676619444561	0.3261145868734733	0.9453302471773256	0.2831839762111667	-0.9590656054813108	-0.7872985524566877	0.616571966034464	-0.9674802028114508	0.25294674769190784	-0.07639119512982857	0.9970779233874532	0.00430067783918464	-0.432016875215357
0.6886997750918032	-0.7250466328371573	-0.05138523957699914	-0.998678905932039	-0.7594777809712397	-0.6505332429714882	0.9886953839332692	0.14993811319689704	0.955037124421909	0.29648624078687214	0.8997862088684202	0.4363310421345195	0.8241918180481376	0.5663107336635121	0.7896264126565133	-0.613587914186065	0.5722021644417798	-0.8201126038588494	0.001284372456012206	-0.42948776994115295
0.972022914080458	-0.23488604578078776	0.8896570909949314	-0.4566292373933544	0.757511242162016	-0.6528221181900622	-0.6740223677462494	-0.7387109365494327	-0.09138769555547993	0.9958153890661958	0.7972170696286046	-0.6036927562036674	-0.9832965782021178	-0.1820105472108866	-0.8286780769132384	-0.5597255084801628	-0.4816522951910007	0.8763624059356045	0.012734295388260873	-0.4181735706871728
-0.8902038710035254	0.4555623646114094	0.5849258638993226	-0.8110867609211923	-0.15120266558299092	0.988502783972103	0.9906238080129403	0.13661797465173206	0.9626710580041175	0.2706740365850283	0.9166659306748296	0.3996543150524573	0.8534711318375334	0.5211401223471087	-0.9440951561821372	0.3296730745351005	-0.8196191410206078	0.5729087743023673	0.1099996853853898	-0.4140091355733663
0.5877852522924015	0.8090169943749995	-0.3090169943751159	0.9510565162950988	-0.9510565162952356	0.30901699437469493	-0.9585752007067636	0.2848395769375949	0.8377328308200238	-0.5460803092643693	-0.6474846321771363	0.762078507172613	0.4035925916674615	-0.9149388066702284	-0.7938764246017637	-0.6080791251650727	-0.3329963077755649	-0.9429281303513228	0.3243838758823393	-0.4541270658172599
-0.926708843959634	0.3757801465311845	0.717578562946003	-0.6964775703497919	-0.4032639570761781	0.915083701594156	-0.9726236892562696	-0.23238579796864445	0.8919936818049526	0.4520478643020501	-0.7625246819245624	-0.646959125027111	0.5913054567599105	0.8064476776617026	0.9886649438908552	-0.15013869828026272	0.8140130054660085	-0.5808466466565818	0.4881140606166906	-0.5160468147151309
-0.7283014388118974	0.6852568965172987	0.06084597155096039	-0.9981471673786484	0.6396730215589531	0.7686471397784806	0.9356856067948862	-0.35283486964426514	0.7510151095262289	-0.6602850182029776	0.4697424501434686	-0.8828035061853859	0.12804738947338706	-0.9917680505284744	-0.4396786459487851	0.8981551582530954	-0.9232437014598138	0.38421487180324254	0.42654334074555655	-0.5174845007648615
0.97985505238428	-0.1997099805142436	0.9202318473660008	-0.39137366683689534	0.8235325976287102	-0.5672689491263458	0.4831341024517221	0.8755463660184813	-0.5331628780963378	0.8460126154024122	-0.9983124395910242	-0.058071274807924976	-0.4314746908400592	-0.9021250418675204	0.6482567389633324	0.7614218281535051	0.2985460435695971	-0.9543952325263052	0.20972586896394926	-0.4764165391114527
-0.3386152674044838	-0.9409249176637794	-0.7706794013611798	0.637223085204525	0.8605428905545706	0.5093779868780987	0.0	0.0	0.0	0.0	0.0	0.0	0.0	0.0	0.0	0.0	0.0	0.0	0.04248972497417025	-0.4295084594215655
0.8015669848710102	-0.5979049830573397	0.2850192624704046	-0.9585217890172484	-0.3446429231738885	-0.938733857654105	0.0	0.0	0.0	0.0	0.0	0.0	0.0	0.0	0.0	0.0	0.0	0.0	0.02410907161617337	-0.3629917325321173
0.8307857731623973	0.5565923096045773	0.3804100017780847	0.9248179445421664	-0.19870733827056727	0.9800588725772684	0.0	0.0	0.0	0.0	0.0	0.0	0.0	0.0	0.0	0.0	0.0	0.0	0.01666883065861602	-0.2705242678310024
-0.6869540137332644	0.7267008896483875	-0.056188366031516127	-0.9984201858549878	0.7641516608741918	0.6450366184824037	0.0	0.0	0.0	0.0	0.0	0.0	0.0	0.0	0.0	0.0	0.0	0.0	-0.0900743766807196	-0.1666130496630276
-0.3497512792979329	-0.9368425922370628	-0.7553480852589186	0.6553237902714089	0.8781191975670349	0.4784419242334714	0.2075944355880444	-0.9782149816440564	-0.9138091006257626	-0.4061439739963341	-0.5869978045472917	0.8095885235455474	0.6700941447729302	0.7422761192043262	-0.9890398785905992	0.14764863208811926	0.8438270397464974	-0.5366152504287062	-0.20838583615373896	-0.060372893111109875
0.8660254037841386	0.5000000000005196	0.4999999999989607	0.8660254037850386	-1.8000543797872713e-12	1.0	0.0	0.0	0.0	0.0	0.0	0.0	0.0	0.0	0.0	0.0	0.0	0.0	-0.23236038306326	0.041087637531454
0.2994596225327522	0.9541089741075396	-0.820647868945083	0.5714342264827105	-0.7909614246659565	-0.6118660185779241	0.0	0.0	0.0	0.0	0.0	0.0	0.0	0.0	0.0	0.0	0.0	0.0	-0.17642335326198866	0.12462002021968548
-0.46409493335347	0.8857854665976622	-0.5692317856712764	-0.8221770941722288	0.9924501086210455	-0.12264901914844192	0.0	0.0	0.0	0.0	0.0	0.0	0.0	0.0	0.0	0.0	0.0	0.0	-0.136762879738614	0.1809883953890084
-1.0	-3.5825752766908577e-13	1.0	7.165150553381715e-13	-1.0	-1.0743284937974072e-12	0.0	0.0	0.0	0.0	0.0	0.0	0.0	0.0	0.0	0.0	0.0	0.0	-0.1712898786671646	0.21516832369475725
-0.4302771256406037	-0.9026968456522156	-0.6297231903009204	0.7768196081441501	0.9721880941844254	0.23420142938516575	0.0	0.0	0.0	0.0	0.0	0.0	0.0	0.0	0.0	0.0	0.0	0.0	-0.20966733026275053	0.2367491562783561
0.6785094115573874	-0.7345917086572974	-0.07924995685609577	-0.9968547759519975	-0.7860530947421421	-0.618158986221426	0.0	0.0	0.0	0.0	0.0	0.0	0.0	0.0	0.0	0.0	0.0	0.0	-0.17563168226868975	0.2527946631476089
0.8282282057044323	0.5603909700161277	0.3719239214487669	0.9282632151788476	-0.21215244146429552	0.9772365842418808	0.0	0.0	0.0	0.0	0.0	0.0	0.0	0.0	0.0	0.0	0.0	0.0	-0.08520544909879278	0.2678036947606465
0.249882989794351	0.9682760409157278	-0.8751169828228725	0.4839114241005189	-0.6872366859695332	-0.7264335740159682	0.14308635518952084	-0.9897102075651126	-0.9590525899171564	-0.2832280525887122	-0.41754103424215383	0.9086580681004228	0.8395637404536114	0.5432611947447941	0.9940675276685644	-0.10876465618438676	-0.9225578352014964	0.3858588352083289	-0.0118145575197941	0.28612974513560513
-0.7014748877064859	0.7126941713787007	-0.015865963834345815	-0.9998741276738824	0.7237340381045918	0.6900790114826137	0.0	0.0	0.0	0.0	0.0	0.0	0.0	0.0	0.0	0.0	0.0	0.0	0.014985460398574848	0.3095471452924985
-0.3360493932153301	-0.9418443636395604	-0.774141610639217	0.6330124538087059	0.8563490302514245	0.5163974616392348	0.2398055004052701	0.9708209525836254	-0.884986643950756	0.4656164086764746	-0.6642548304144533	-0.747506200824492	0.5664027199424444	-0.8241286057659939	0.8337757493931872	-0.5521032509629237	-0.994948735194966	0.10038433310998812	0.029687956564765524	0.3322312338152519
0.8957817673093725	-0.44449412297138097	0.6048499492878057	-0.7963394620678667	0.18784534575065634	-0.982198618447316	0.0	0.0	0.0	0.0	0.0	0.0	0.0	0.0	0.0	0.0	0.0	0.0	0.04354208204800758	0.352723284023696
0.9992779676966032	-0.03799399000034829	0.9971129134477068	-0.07593311422446622	0.9935079637315236	-0.11376258612584984	-0.7423772980728734	0.6699820499879232	0.10224810538795992	-0.9947589280547184	0.5905639536509052	0.8069908404983362	-0.9790906498891454	-0.2034244314227058	-0.716385986374703	0.6977041769446016	-0.7672965689900102	-0.6412924256656696	0.04634111921813045	0.3818315641227015
-0.061161660821981885	0.9981278731933584	-0.9925185024909936	-0.12209431687443666	0.1825698208397732	-0.9831928907994264	0.0	0.0	0.0	0.0	0.0	0.0	0.0	0.0	0.0	0.0	0.0	0.0	0.02661836478517543	0.41801994645952695
-0.9999347471268516	0.011423724802330986	0.9997389970232812	-0.022845958742931157	-0.9994127752358024	0.03426521115463482	0.0	0.0	0.0	0.0	0.0	0.0	0.0	0.0	0.0	0.0	0.0	0.0	-0.00927115632049158	0.43714759330159136
-0.6953934377136488	-0.718629227616574	-0.03285593356958734	0.999460098067587	0.7410890389021426	-0.6714067592891053	0.0	0.0	0.0	0.0	0.0	0.0	0.0	0.0	0.0	0.0	0.0	0.0	-0.026907290102913928	0.3840082826070472
0.13077818766872534	-0.9914116529626246	-0.9657941312601672	-0.2593100384162147	-0.3833877999633177	0.923587459225864	0.0	0.0	0.0	0.0	0.0	0.0	0.0	0.0	0.0	0.0	0.0	0.0	-0.041661927794356735	0.26537231086483654
0.9996500732179698	-0.026452431179524886	0.9986005377693848	-0.05288634953081072	0.9968521281753696	-0.07928325518188817	0.0	0.0	0.0	0.0	0.0	0.0	0.0	0.0	0.0	0.0	0.0	0.0	-0.04426092355049616	0.15410230054410934
0.30416459070481733	0.9526194947414056	-0.8149678035227418	0.5795062374308991	-0.7999332874970152	-0.6000889397032891	0.0	0.0	0.0	0.0	0.0	0.0	0.0	0.0	0.0	0.0	0.0	0.0	-0.022575271920167398	0.08421241139293166
-0.9930103988694629	0.11802689412633904	0.97213930452578	-0.2344038664274397	-0.9376784782181908	0.3475040596689737	0.0	0.0	0.0	0.0	0.0	0.0	0.0	0.0	0.0	0.0	0.0	0.0	0.030043954019177806	0.054419126154283286
0.37652573597411226	-0.92640615830701	-0.7164567402983062	-0.6976315211349939	-0.9160545388429786	0.401053714438824	0.0	0.0	0.0	0.0	0.0	0.0	0.0	0.0	0.0	0.0	0.0	0.0	0.09789958806399672	0.05432578398348637
0.8859093629067648	0.4638583843309617	0.5696707985717397	0.821872971483207	0.12344402555179095	0.9923515367829936	0.0	0.0	0.0	0.0	0.0	0.0	0.0	0.0	0.0	0.0	0.0	0.0	0.13670658427410565	0.07356033274621171
-0.32782544859789564	0.9447383104604092	-0.785060950503177	-0.6194185208686033	0.8425513651486842	-0.5386160015132199	0.0	0.0	0.0	0.0	0.0	0.0	0.0	0.0	0.0	0.0	0.0	0.0	0.11640260200314828	0.10352131496347468
-0.965655346070848	-0.259826389354105	0.8649804947904179	0.5018054838601542	-0.7048907320119012	-0.7093159070003477	0.0	0.0	0.0	0.0	0.0	0.0	0.0	0.0	0.0	0.0	0.0	0.0	0.043412821851476095	0.13781975062248394
0.3599442813851165	-0.9329738015068548	-0.7408802285963042	-0.6716371690690505	-0.893295484334192	0.4494698851626672	0.0	0.0	0.0	0.0	0.0	0.0	0.0	0.0	0.0	0.0	0.0	0.0	-0.02810671246576613	0.1719955618565128
0.9956246464468026	0.09344283486538432	0.982536873224641	0.1860679788516704	0.9608512076036576	0.27706489645314664	0.0	0.0	0.0	0.0	0.0	0.0	0.0	0.0	0.0	0.0	0.0	0.0	-0.06252489961595609	0.20323942349098556
-0.35641187871360536	0.9343289424564768	-0.7459411454236765	-0.666011867434818	0.8881364488140678	-0.4595798606204765	0.0	0.0	0.0	0.0	0.0	0.0	0.0	0.0	0.0	0.0	0.0	0.0	-0.057068957804361164	0.2301981768316872
-0.9799617050365452	-0.19918598510404012	0.9206498866762662	0.3903892751638782	-0.8244415603414067	-0.5659470943311102	0.0	0.0	0.0	0.0	0.0	0.0	0.0	0.0	0.0	0.0	0.0	0.0	-0.03672188298682066	0.2524141857892204
0.0958971516263983	-0.9953912478568132	-0.9816074726198872	-0.19091037084662926	-0.28416387290526823	0.9587757262965508	0.0	0.0	0.0	0.0	0.0	0.0	0.0	0.0	0.0	0.0	0.0	0.0	-0.027621876755254186	0.2699764608177304
0.9836646919866312	-0.1800104823026862	0.9351924525223086	-0.3541399112572736	0.8561668995305262	-0.5166993711514324	0.0	0.0	0.0	0.0	0.0	0.0	0.0	0.0	0.0	0.0	0.0	0.0	-0.0394667955740492	0.28328148492790584
0.6050010254072707	0.7962246914383846	-0.2679475185123018	0.963433509549621	-0.9292180723178232	0.3695318309401081	0.0	0.0	0.0	0.0	0.0	0.0	0.0	0.0	0.0	0.0	0.0	0.0	-0.061392898848704136	0.2930169338976695
-0.7785945744622246	0.6275272811742828	0.21241902276402527	-0.977178672898655	0.4478179771889489	0.8941247448238963	0.0	0.0	0.0	0.0	0.0	0.0	0.0	0.0	0.0	0.0	0.0	0.0	-0.06457280993013659	0.3042836583733551
-0.24895333196563185	-0.9685154818087368	-0.8760444770064199	0.4822303125131687	0.685141714967307	0.7284097956587744	0.0	0.0	0.0	0.0	0.0	0.0	0.0	0.0	0.0	0.0	0.0	0.0	-0.012443163278008209	0.32522586540651777
-0.15609045174121133	0.9877427655393	-0.9512715417504491	-0.30835442895428533	0.4530592611019834	-0.8914804013155448	-0.2560752165118489	-0.9666568592258628	-0.8688509669768194	0.4950737290378534	0.7010576154820856	0.7131046345204695	0.5098040056331083	-0.8602905763987174	0.9947792156843508	-0.10205053670818298	-0.9148374232342243	-0.4038223483787943	0.10245133232267913	0.3520594179851307
-0.9550199444571612	-0.29654157497565303	0.8241261886219182	0.5664062369249745	-0.6190939493096308	-0.7853169308809052	0.8394281782947463	0.5434706371872942	0.4092793330304729	0.9124091338616308	-0.15230696841582886	0.988333237006618	-0.6649808551082623	0.7468604035155995	-0.6405090135062831	-0.7679506518111747	-0.9628322909153666	0.27009994367024026	0.19303547436711985	0.37652249214878786
-0.31228055688576106	-0.949989922994512	-0.804961707582238	0.593326764377175	0.8150283375167504	0.5794210982046495	0.09465617019790068	-0.9955100247830084	-0.9820804188869322	-0.1884623326791536	-0.2805761127542748	0.9598317795070656	0.928963898322264	0.37017033324390297	-0.9752837733259488	0.22095601708733567	0.9161652102418012	-0.4008008327618547	0.1537497493305664	0.39252623915479146
0.07830281192185201	-0.9969296212096072	-0.987737339290262	-0.1561247852577981	-0.2329880341351239	0.9724796018168455	-0.4396539616483329	0.8981672416687918	-0.6134087880138522	-0.7897655720448803	0.9790291691687184	-0.20372011662280476	-0.2474593175747539	0.9688982847262334	0.8609833865500998	0.5086330780481358	-0.9298356694893932	0.36797503685061583	-0.038740534930686736	0.3790062198034396
0.7361511933829091	-0.6768171248431282	0.08383715903816297	-0.9964794683105166	-0.6127175440313564	-0.7903019747135792	0.0	0.0	0.0	0.0	0.0	0.0	0.0	0.0	0.0	0.0	0.0	0.0	-0.26453601436526164	0.328109552284836
0.9960551574018722	-0.08873625760156675	0.9842517531737368	-0.17677241406516336	0.9646829124591978	-0.2634138918304045	0.0	0.0	0.0	0.0	0.0	0.0	0.0	0.0	0.0	0.0	0.0	0.0	-0.371574930724198	0.2416968874313521
0.5703795766385005	0.8213812382527891	-0.34933427710737003	0.936998165866866	-0.968885850802137	0.2475079960635999	0.0	0.0	0.0	0.0	0.0	0.0	0.0	0.0	0.0	0.0	0.0	0.0	-0.3067653079875261	0.14324643269996834
-0.6196932373758299	0.7848441192687011	-0.2319605831013265	-0.9727251862100068	0.9071820467471224	0.4207383201702712	0.0	0.0	0.0	0.0	0.0	0.0	0.0	0.0	0.0	0.0	0.0	0.0	-0.13995798589172334	0.07037807530156867
-0.9786368942183302	0.20559627738531824	0.9154603414505984	-0.4024082047264364	-0.8131696364562013	0.5820267539775894	0.0	0.0	0.0	0.0	0.0	0.0	0.0	0.0	0.0	0.0	0.0	0.0	0.00017270524941037646	0.0328471833355215
-0.9554903473615852	-0.29502236542139904	0.8259236078023251	0.5637820448318581	-0.6228337224647688	-0.7823542382838349	0.0	0.0	0.0	0.0	0.0	0.0	0.0	0.0	0.0	0.0	0.0	0.0	0.035398002535734	0.02468882088675089
-0.9814705610634324	-0.19161298955402484	0.9265689244683386	0.3761250167292608	-0.8373296832603299	-0.5466982728444963	0.0	0.0	0.0	0.0	0.0	0.0	0.0	0.0	0.0	0.0	0.0	0.0	-0.028670936932859718	0.0368952825266794
-0.707106781186608	-0.7071067811864871	1.7083641828221092e-13	1.0	0.7071067811863657	-0.7071067811867293	0.0	0.0	0.0	0.0	0.0	0.0	0.0	0.0	0.0	0.0	0.0	0.0	-0.10150936647308506	0.06125377243718285
-0.06400810101529941	-0.9979493789789216	-0.9918059260088304	0.12775368931567627	0.19097532881439014	0.9815948368773316	0.0	0.0	0.0	0.0	0.0	0.0	0.0	0.0	0.0	0.0	0.0	0.0	-0.1096225251382884	0.09131700792427888
0.6975591278007542	-0.7165272243410232	-0.026822526443702057	-0.999640211313639	-0.7349797241037171	-0.6780890834959842	0.0	0.0	0.0	0.0	0.0	0.0	0.0	0.0	0.0	0.0	0.0	0.0	-0.046837429613925896	0.12250091481504292
0.6950195734161851	-0.7189908153574592	-0.03389558513676812	-0.9994253795597928	-0.7421357636610822	-0.6702495865684531	0.0	0.0	0.0	0.0	0.0	0.0	0.0	0.0	0.0	0.0	0.0	0.0	0.021057446227912724	0.15181969018034508
0.972438547826202	-0.2331593247152412	0.8912734585966654	-0.4534662302764541	0.7609787877613534	-0.6487767602012738	0.0	0.0	0.0	0.0	0.0	0.0	0.0	0.0	0.0	0.0	0.0	0.0	0.04381588765021482	0.17758780381961425
0.923355046107723	0.3839472083860033	0.7051690823451897	0.7090391846043793	0.3788878149774437	0.925442609599114	0.0	0.0	0.0	0.0	0.0	0.0	0.0	0.0	0.0	0.0	0.0	0.0	0.010560588169834628	0.1991275867791904
0.688504090646972	-0.7252324573282597	-0.051924234324772126	-0.9986510270809248	-0.760004186119607	-0.649918177219774	0.0	0.0	0.0	0.0	0.0	0.0	0.0	0.0	0.0	0.0	0.0	0.0	-0.061603014654620585	0.2163845160121836
0.3192137851709764	-0.9476827313805068	-0.7962051187136354	-0.6050267836502824	-0.8275330846051483	0.5614169519028513	0.0	0.0	0.0	0.0	0.0	0.0	0.0	0.0	0.0	0.0	0.0	0.0	-0.13481004447086686	0.2296214318009947
0.1988066092469968	-0.9800387401116916	-0.920951864239424	-0.3896763577046081	-0.5649892440652775	0.8250982693537456	0.0	0.0	0.0	0.0	0.0	0.0	0.0	0.0	0.0	0.0	0.0	0.0	-0.16453531532342305	0.2393121566789392
0.6455324365327917	-0.7637328547234546	-0.16657574676807446	-0.9860286611395525	-0.8605925318897205	-0.509294113509709	0.0	0.0	0.0	0.0	0.0	0.0	0.0	0.0	0.0	0.0	0.0	0.0	-0.10362943393294223	0.24609082227098336
0.9345879473694186	-0.3557321585572729	0.7469092627363666	-0.6649259757586685	0.4615168420945545	-0.8871314471165309	0.18062237910526374	-0.9835525182553062	-0.9347511123327088	-0.3553031916444936	-0.5182963186669156	0.8552011026982618	0.7475192840144725	0.6642401072101038	-0.18107376183643306	-0.9834695179691146	0.5186887589103713	0.8549631403633837	0.04734025658623009	0.2525270062110285
0.029633327822534587	0.9995608365087952	-0.9982437317643243	0.059240627893664036	-0.08879589532285939	-0.9960498426152236	0.0	0.0	0.0	0.0	0.0	0.0	0.0	0.0	0.0	0.0	0.0	0.0	0.22328596924925487	0.2644655634527949
-0.4076836149418854	0.913123250228531	-0.6675881402158331	-0.7445307750813026	0.9520131075329274	-0.3060572545872727	0.38355519996278503	0.9235179524955148	-0.7057708171630158	0.7084402258772782	-0.9249593337725028	-0.3800660874994345	-0.0037751072820976796	-0.9999928742571162	-0.9996548848776884	-0.02626996650502756	0.6869165439765167	0.7267363081691723	0.3197069747426249	0.2969536072910917
-0.796459171263401	0.6046923089558989	0.2686944229791674	-0.9632254705207354	0.3684508963652299	0.9296472110255904	0.0	0.0	0.0	0.0	0.0	0.0	0.0	0.0	0.0	0.0	0.0	0.0	0.2900288896026125	0.36029362966749545
-0.9933481792615702	-0.11514944532095366	0.9734812104845532	0.22876698370509804	-0.9406633966987908	-0.3393410881562873	-0.4662728453522863	0.8846409631523307	-0.5651792673741659	-0.8249681180084482	0.993328335617632	-0.11532049973489132	-0.3611447914608021	0.9325097530861184	0.5650371981849907	-0.8250654305370306	0.36130536575462013	0.932447549558108	0.16602898209245906	0.3941477896491457
-0.5211848828765642	-0.8534437988883286	-0.4567326357218842	0.8896040127306872	0.9972691733857936	-0.07385252747479984	0.0	0.0	0.0	0.0	0.0	0.0	0.0	0.0	0.0	0.0	0.0	0.0	0.052982024149660516	0.3658832572585863
0.8602527915272739	-0.509867761943754	0.4800697306609347	-0.8772303310437558	-0.034290139669643574	-0.9994119202418172	0.0	0.0	0.0	0.0	0.0	0.0	0.0	0.0	0.0	0.0	0.0	0.0	0.035037805419637635	0.27218398812657263
